matricula;nome;unidade;lotacao;cargo;vinculo;situacao;remuneracao;ficha_contracheque;regime;carga_horaria;admissao;exoneracao
000487;Adauto Guerzoni;Secretaria Municipal De Educacao Publica;Departamento Municipal De Cultura, Turismo E Desen;Agente Administrativo;Efetivo;Funcionário De Férias;R$ 3.419,86;202608000487;;;01/09/1991;
010763;Adauto Jose Da Silva;Secretaria Municipal De Educacao Publica;Departamento Municipal De Ensino Infantil;Guarda Patrimonial;Efetivo;Ativo;R$ 2.474,28;202608010763;;;21/06/2024;
025792;Ademir Alves Rodrigues;Secretaria Municipal De Educacao Publica;Depart. Municipal De Ensino Fundamental;Motorista;Contrato Determinado;Ativo;R$ 3.380,01;202608025792;;;31/03/2025;
003244;Adenilson Eder Da Silva;Secretaria Municipal De Financas Geral;Secretaria Municipal De Financas Geral;Chefe Da Divisao De Arrecadacao Tributaria;Comissionado;Ativo;R$ 6.256,59;202608003244;;;22/05/2025;
010314;Adenilson Rosa Carneiro;Secretaria Municipal De Obra E Servico Publico;Departamento Municipal De Servico Publico;Guarda Patrimonial;Efetivo;Ativo;R$ 2.960,57;202608010314;;;02/09/2013;
003245;Adilson Cesar Machado;Secretaria Municipal De Governo;Secretaria Municipal De Governo;Chefe Da Divisao De Turismo;Comissionado;Ativo;R$ 5.842,16;202608003245;;;22/05/2025;
010756;Adilson Esmilho Silva;Secretaria Municipal De Obra E Servico Publico;Departamento Municipal De Servico Publico;Auxiliar De Servicos Gerais;Efetivo;Ativo;R$ 3.333,41;202608010756;;;21/06/2024;
026147;Adilson Soares Sabino;Secretaria Municipal De Educacao Publica;Depart. Municipal De Ensino Fundamental;Estagiario;Estagiário;Ativo;R$ 1.215,75;202608026147;;;09/02/2026;
025507;Adrian Correia De Oliveira;Secretaria Municipal De Obra E Servico Publico;Depart. Municipal De Obra E Serv. Publico;Auxiliar De Servicos Gerais;Contrato Determinado;Ativo;R$ 2.531,01;202608025507;;;04/07/2024;
026031;Adriana Cristina Porfirio Fernandes;Secretaria Municipal De Educacao Publica;Depart. Municipal De Ensino Fundamental;Profissional De Apoio Escolar;Contrato Determinado;Ativo;R$ 3.189,81;202608026031;;;02/02/2026;
024063;Adriana Da Silva Gomes;Secretaria Municipal De Saude Publica;Fundo Municipal De Saude Publica;Assistente Financeiro;Contrato Determinado;Ativo;R$ 3.576,67;202608024063;;;04/02/2021;
010230;Adriana Da Silva Vitorio;Secretaria Municipal De Saude Publica;Fundo Municipal De Saude Publica;Aux.Consultorio Dentario;Efetivo;Ativo;R$ 2.652,59;202608010230;;;09/08/2013;
026086;Adriana Faustino Reis;Secretaria Municipal De Educacao Publica;Depart. Municipal De Ensino Fundamental;Profissional De Apoio Escolar;Contrato Determinado;Ativo;R$ 3.189,81;202608026086;;;04/02/2026;
010521;Adriana Ferreira De Oliveira;Secretaria Municipal De Saude Publica;Fundo Municipal De Saude Publica;Recepcionista;Efetivo;Ativo;R$ 2.741,75;202608010521;;;01/08/2022;
010704;Adriana Modesto Alves;Secretaria Municipal De Educacao Publica;Departamento Municipal De Ensino Infantil;Auxiliar De Servicos Gerais;Efetivo;Ativo;R$ 2.136,57;202608010704;;;14/08/2023;
025498;Adriana Paula Andrade De Carvalho;Secretaria Municipal De Saude Publica;Fundo Municipal De Saude Publica;Agente De Combate As Endemias;Contrato Determinado;Ativo;R$ 4.325,21;202608025498;;;07/06/2024;
010169;Adriano De Oliveira;Secretaria Municipal De Educacao Publica;Departamento Municipal De Ensino Infantil;Guarda Patrimonial;Efetivo;Ativo;R$ 2.474,28;202608010169;;;05/05/2008;
010514;Adriano Dos Reis Lopes;Secretaria Municipal De Obra E Servico Publico;Departamento Municipal De Servico Publico;Operador De Maquina;Efetivo;Ativo;R$ 4.329,69;202608010514;;;01/08/2022;
023631;Adriano Jose Moreira;Secretaria Municipal De Saude Publica;Fundo Municipal De Saude Publica;Cirurgiao Dentista Da Esb;Contrato Determinado;Ativo;R$ 5.383,32;202608023631;;;04/01/2021;
023557;Adriano Marques;Secretaria Municipal De Obra E Servico Publico;Departamento Municipal De Servico Publico;Operador De Maquina;Contrato Determinado;Ativo;R$ 4.329,69;202608023557;;;04/01/2021;
010054;Adriano Silva Miguel;Secretaria Municipal De Obra E Servico Publico;Departamento Municipal De Servico Publico;Auxiliar De Servicos Gerais;Efetivo;Ativo;R$ 3.631,94;202608010054;;;01/04/2008;
010816;Adrieli Guerzoni;Secretaria Municipal De Saude Publica;Fundo Municipal De Saude Publica;Fisioterapeuta Ii;Efetivo;Ativo;R$ 4.560,70;202608010816;;;02/06/2026;
025890;Agnaldo Cruz De Lima;Secretaria Municipal De Saude Publica;Fundo Municipal De Saude Publica;Auxiliar De Enfermagem;Contrato Determinado;Ativo;R$ 3.293,99;202608025890;;;06/08/2025;
010149;Agnaldo Donizete De Oliveira;Secretaria Municipal De Obra E Servico Publico;Departamento Municipal De Servico Publico;Operador De Maquina;Efetivo;Ativo;R$ 4.329,69;202608010149;;;01/04/2008;
023866;Alan Cesar Marques;Secretaria Municipal De Saude Publica;Fundo Municipal De Saude Publica;Almoxarife;Contrato Determinado;Ativo;R$ 5.799,02;202608023866;;;04/01/2021;
010738;Alan Martins Alves;Gabinete Municipal E Assessoria Governo;Gabinete Municipal E Assessoria Governo;Controlador Interno;Efetivo;Ativo;R$ 4.560,78;202608010738;;;24/08/2023;
010697;Alcides Monteiro Da Silva Neto;Secretaria Municipal De Governo;Secretaria Municipal De Governo;Chefe Da Divisao De Comunicacao  E Eventos;Efetivo;Ativo;R$ 6.256,59;202608010697;;;08/08/2023;
010267;Alcides Pinheiro Julio;Secretaria Municipal De Obra E Servico Publico;Departamento Municipal De Servico Publico;Jardineiro;Efetivo;Ativo;R$ 2.757,95;202608010267;;;09/08/2013;
010231;Alcidia Izabel Silva Savio;Secretaria Municipal De Saude Publica;Fundo Municipal De Saude Publica;Aux.Consultorio Dentario;Efetivo;Ativo;R$ 2.393,23;202608010231;;;09/08/2013;
010557;Alessandra Aparecida De Souza Coradini;Secretaria Municipal De Educacao Publica;Depart. Municipal De Ensino Fundamental;Auxiliar De Secretaria Escolar;Efetivo;Ativo;R$ 2.454,01;202608010557;;;25/10/2022;
010206;Alessandra Aparecida Largi Guidorizzi;Secretaria Municipal De Educacao Publica;Departamento Municipal De Ensino Infantil;Professor Municipal;Efetivo;Ativo;R$ 5.304,53;202608010206;;;08/09/2008;
010748;Alessandra Aparecida Luz;Secretaria Municipal De Educacao Publica;Depart. Municipal De Ensino Fundamental;Auxiliar De Servicos Gerais;Efetivo;Ativo;R$ 2.069,03;202608010748;;;21/06/2024;
025088;Alessandra Cristina Ferrarez;Secretaria Municipal De Saude Publica;Fundo Municipal De Saude Publica;Agente Administrativo;Contrato Determinado;Ativo;R$ 2.793,77;202608025088;;;01/06/2023;
026002;Alex Augusto De Miranda;Secretaria Municipal De Obra E Servico Publico;Depart. Municipal De Obra E Serv. Publico;Jardineiro;Contrato Determinado;Ativo;R$ 3.349,62;202608026002;;;12/01/2026;
010584;Alex Donizete Sousa;Secretaria Municipal De Obra E Servico Publico;Departamento Municipal De Servico Publico;Guarda Patrimonial;Efetivo;Ativo;R$ 2.433,75;202608010584;;;25/10/2022;
010406;Alexandre Antunes Martins;Secretaria Municipal De Educacao Publica;Departamento Municipal De Ensino Infantil;Professor Educacao Fisica;Efetivo;Ativo;R$ 4.494,69;202608010406;;;27/07/2022;
024078;Alexandre Augusto Brait;Secretaria Municipal De Saude Publica;Fundo Municipal De Saude Publica;Agente Administrativo;Contrato Determinado;Funcionário De Férias;R$ 3.357,47;202608024078;;;25/02/2021;
021770;Alexandre Dos Reis Tome;Secretaria Municipal De Saude Publica;Fundo Municipal De Saude Publica;Motorista;Contrato Determinado;Ativo;R$ 3.625,18;202608021770;;;01/01/2017;
010229;Alexssandra Ferreira;Secretaria Municipal De Saude Publica;Fundo Municipal De Saude Publica;Aux.Consultorio Dentario;Efetivo;Ativo;R$ 2.460,77;202608010229;;;09/08/2013;
026118;Aline Aparecida Santos;Secretaria Municipal De Educacao Publica;Departamento Municipal De Ensino Infantil;Estagiario;Estagiário;Ativo;R$ 1.215,75;202608026118;;;02/02/2026;
026135;Aline Aparecida Silva Duarte;Secretaria Municipal De Educacao Publica;Depart. Municipal De Ensino Fundamental;Auxiliar De Servicos Gerais;Contrato Determinado;Demitido;R$ 1.891,17;202608026135;;;28/01/2026;
010778;Aline Barbosa;Secretaria Municipal De Assistencia Social;Fundo Municipal De Assistencia Social;Guarda Patrimonial;Efetivo;Ativo;R$ 2.461,07;202608010778;;;16/08/2024;
024722;Aline De Souza Pedro;Secretaria Municipal De Saude Publica;Fundo Municipal De Saude Publica;Agente Comunitario De Saude;Contrato Indetermindo;Funcionário De Férias;R$ 4.770,70;202608024722;;;01/06/2022;
010302;Aline Dos Santos Nascimento;Secretaria Municipal De Saude Publica;Fundo Municipal De Saude Publica;Auxiliar De Enfermagem;Efetivo;Ativo;R$ 2.434,44;202608010302;;;09/08/2013;
003194;Aline Maria Da Silva Fernandes;Secretaria Municipal De Saude Publica;Fundo Municipal De Saude Publica;Secretario Mun Saude Publica;Comissionado;Ativo;R$ 8.867,17;202608003194;;;01/01/2021;
026292;Aline Moreira Da Silva;Secretaria Municipal De Educacao Publica;Depart. Municipal De Ensino Fundamental;Professor Municipal;Contrato Determinado;Ativo;R$ 3.567,41;202608026292;;;18/06/2026;
010458;Aline Nunes Pavanel Dias;Secretaria Municipal De Educacao Publica;Departamento Municipal De Ensino Infantil;Auxiliar De Creche;Efetivo;Ativo;R$ 989,33;202608010458;;;27/07/2022;
010811;Alisson Felipe Ferracin Cruz;Secretaria Municipal De Educacao Publica;Departamento Municipal De Ensino Infantil;Professor Educacao Fisica;Efetivo;Ativo;R$ 3.711,46;202608010811;;;23/03/2026;
000452;Alvino De Aguiar;Secretaria Municipal De Obra E Servico Publico;Departamento Municipal De Servico Publico;Oficial De Servico Pedreiro;Efetivo;Ativo;R$ 3.694,08;202608000452;;;02/05/1990;
026303;Alzira Fatima De Souza;Secretaria Municipal De Educacao Publica;Depart. Municipal De Ensino Fundamental;Auxiliar De Servicos Gerais;Contrato Determinado;Demitido;R$ 275,88;202608026303;;;11/08/2026;
025806;Amanda Aparecida Diogenes;Secretaria Municipal De Saude Publica;Fundo Municipal De Saude Publica;Agente Comunitario De Saude;Contrato Determinado;Ativo;R$ 3.690,03;202608025806;;;22/04/2025;
026115;Amanda Aparecida Ferreira;Secretaria Municipal De Educacao Publica;Departamento Municipal De Ensino Infantil;Estagiario;Estagiário;Ativo;R$ 1.215,75;202608026115;;;02/02/2026;
026043;Amanda Aparecida Nunes;Secretaria Municipal De Educacao Publica;Departamento Municipal De Ensino Infantil;Auxiliar De Servicos Gerais;Contrato Determinado;Ativo;R$ 2.197,58;202608026043;;;02/02/2026;
010661;Amanda Aparecida Reis Lopes Prado;Secretaria Municipal De Educacao Publica;Departamento Municipal De Ensino Infantil;Professor Municipal;Efetivo;Ativo;R$ 4.347,26;202608010661;;;23/03/2023;
010499;Amanda Bruna Emidio Da Silva;Secretaria Municipal De Saude Publica;Fundo Municipal De Saude Publica;Enfermeiro;Efetivo;Ativo;R$ 5.383,32;202608010499;;;01/08/2022;
026297;Amanda Carolina Silva;Secretaria Municipal De Educacao Publica;Departamento Municipal De Ensino Infantil;Auxiliar De Creche;Contrato Determinado;Ativo;R$ 2.318,93;202608026297;;;15/07/2026;
026302;Amanda Da Silva Alves Baltazar;Secretaria Municipal De Educacao Publica;Departamento Municipal De Ensino Infantil;Professor Municipal;Contrato Determinado;Ativo;R$ 2.378,27;202608026302;;;11/08/2026;
010737;Amanda Ferreira Marques;Secretaria Municipal De Saude Publica;Fundo Municipal De Saude Publica;Auxiliar De Servicos Gerais;Efetivo;Ativo;R$ 2.717,43;202608010737;;;08/08/2023;
010523;Amanda Sacha De Lima Perlotti;Secretaria Municipal De Assistencia Social;Fundo Municipal De Assistencia Social;Tecnico Em Bolsa Familia;Efetivo;Ativo;R$ 2.367,27;202608010523;;;01/08/2022;
010601;Amanda Stefani Da Silva;Secretaria Municipal De Educacao Publica;Depart. Municipal De Ensino Fundamental;Professor Municipal;Efetivo;Licença Maternidade;R$ 4.128,90;202608010601;;;25/10/2022;
010177;Amauri Cesar Da Silveira;Secretaria Municipal De Obra E Servico Publico;Departamento Municipal De Servico Publico;Motorista;Efetivo;Funcionário De Férias;R$ 3.564,40;202608010177;;;02/06/2008;
026161;Ana Bela Ferreira Nunes;Secretaria Municipal De Educacao Publica;Depart. Municipal De Ensino Fundamental;Estagiario;Estagiário;Ativo;R$ 1.215,75;202608026161;;;09/02/2026;
026211;Ana Carolina Barbosa;Secretaria Municipal De Educacao Publica;Departamento Municipal De Ensino Infantil;Estagiario;Estagiário;Demitido;R$ 1.215,75;202608026211;;;03/02/2026;
010277;Ana Carolina Bento Goncalves Cruz;Secretaria Municipal De Saude Publica;Fundo Municipal De Saude Publica;Motorista;Efetivo;Ativo;R$ 3.527,92;202608010277;;;09/08/2013;
010813;Ana Carolina Da Cunha Longo Uzai;Secretaria Municipal De Educacao Publica;Depart. Municipal De Ensino Fundamental;Professor Municipal;Efetivo;Ativo;R$ 3.853,35;202608010813;;;16/04/2026;
026198;Ana Carolina Nunes Ribeiro Frade;Secretaria Municipal De Educacao Publica;Depart. Municipal De Ensino Fundamental;Inspetor De Alunos;Contrato Determinado;Ativo;R$ 2.178,44;202608026198;;;03/02/2026;
025076;Ana Carolina Pereira;Secretaria Municipal De Saude Publica;Fundo Municipal De Saude Publica;Agente Comunitario De Saude;Contrato Indetermindo;Ativo;R$ 3.690,03;202608025076;;;11/05/2023;
026017;Ana Carolina Pereira Diniz;Secretaria Municipal De Educacao Publica;Departamento Municipal De Ensino Infantil;Estagiario;Estagiário;Ativo;R$ 1.215,75;202608026017;;;02/02/2026;
026286;Ana Clara Dos Reis;Secretaria Municipal De Educacao Publica;Departamento Municipal De Ensino Infantil;Estagiario;Estagiário;Ativo;R$ 1.215,75;202608026286;;;26/05/2026;
010202;Ana Claudia Cardoso Pereira;Secretaria Municipal De Educacao Publica;Departamento Municipal De Ensino Infantil;Diretor Escolar;Efetivo;Ativo;R$ 7.897,61;202608010202;;;08/09/2008;
010423;Ana Claudia Da Silva;Secretaria Municipal De Educacao Publica;Departamento Municipal De Ensino Infantil;Auxiliar De Creche;Efetivo;Ativo;R$ 2.251,39;202608010423;;;27/07/2022;
010812;Ana Claudia Dias Martins;Secretaria Municipal De Educacao Publica;Depart. Municipal De Ensino Fundamental;Professor Municipal;Efetivo;Ativo;R$ 3.723,38;202608010812;;;16/04/2026;
025176;Ana Claudia Mafra Lopes De Oliveira;Secretaria Municipal De Assistencia Social;Fundo Municipal De Assistencia Social;Conselheiro Tutelar;Conselheiro Tutelar;Ativo;R$ 2.310,76;202608025176;;;10/01/2024;
010396;Ana Claudia Pereira Marcal;Secretaria Municipal De Educacao Publica;Depart. Municipal De Ensino Fundamental;Professor Municipal;Efetivo;Ativo;R$ 4.316,07;202608010396;;;27/07/2022;
010009;Ana Claudia Tome;Secretaria Municipal De Educacao Publica;Depart. Municipal De Ensino Fundamental;Professor Municipal;Efetivo;Ativo;R$ 5.220,69;202608010009;;;01/04/2008;
026290;Ana Cristina De Andrade;Secretaria Municipal De Educacao Publica;Departamento Municipal De Ensino Infantil;Estagiario;Estagiário;Ativo;R$ 1.215,75;202608026290;;;11/06/2026;
010032;Ana Cristina Frezarin Vilas Boas;Secretaria Municipal De Educacao Publica;Depart. Municipal De Ensino Fundamental;Auxiliar De Servicos Gerais;Efetivo;Ativo;R$ 2.636,37;202608010032;;;01/04/2008;
010119;Ana Cristina Mancuso Previdi;Secretaria Municipal De Educacao Publica;Depart. Municipal De Ensino Fundamental;Professor Municipal;Efetivo;Ativo;R$ 5.064,72;202608010119;;;01/04/2008;
026205;Ana Flavia Dos Santos Rosa;Secretaria Municipal De Educacao Publica;Departamento Municipal De Ensino Infantil;Estagiario;Estagiário;Ativo;R$ 1.215,75;202608026205;;;09/02/2026;
026279;Ana Julia Ferreira;Secretaria Municipal De Educacao Publica;Depart. Municipal De Ensino Fundamental;Inspetor De Alunos;Contrato Determinado;Ativo;R$ 2.069,03;202608026279;;;05/05/2026;
025946;Ana Laura Gomes Scovini;Secretaria Municipal De Saude Publica;Fundo Municipal De Saude Publica;Cirurgiao Dentista Da Esb;Contrato Determinado;Ativo;R$ 5.383,32;202608025946;;;03/11/2025;
010608;Ana Livia Cristina Dos Reis;Secretaria Municipal De Educacao Publica;Depart. Municipal De Ensino Fundamental;Auxiliar De Secretaria Escolar;Efetivo;Ativo;R$ 2.251,39;202608010608;;;26/10/2022;
010011;Ana Maria Aparecida Lopes Baldo;Secretaria Municipal De Educacao Publica;Departamento Municipal De Ensino Infantil;Coordenador Pedagogico;Efetivo;Ativo;R$ 7.143,81;202608010011;;;01/04/2008;
026305;Ana Maria Da Silva Barbosa;Secretaria Municipal De Educacao Publica;Depart. Municipal De Ensino Fundamental;Auxiliar De Servicos Gerais;Contrato Determinado;Ativo;R$ 482,77;202608026305;;;24/08/2026;
010121;Ana Maria Lattaro Mazzaro;Secretaria Municipal De Educacao Publica;Departamento Municipal De Ensino Infantil;Coordenador Pedagogico;Efetivo;Ativo;R$ 7.143,81;202608010121;;;01/04/2008;
025542;Ana Paula Celes De Morais;Secretaria Municipal De Saude Publica;Fundo Municipal De Saude Publica;Medico De Saude Da Familia;Contrato Determinado;Ativo;R$ 23.072,74;202608025542;;;13/01/2025;
010422;Ana Paula Da Cunha Vicente;Secretaria Municipal De Educacao Publica;Departamento Municipal De Ensino Infantil;Auxiliar De Creche;Efetivo;Ativo;R$ 2.318,93;202608010422;;;27/07/2022;
025984;Ana Paula De Araujo Teixeira;Secretaria Municipal De Educacao Publica;Depart. Municipal De Ensino Fundamental;Professor Municipal;Contrato Determinado;Ativo;R$ 3.905,34;202608025984;;;26/01/2026;
010648;Ana Paula De Lima Rosa;Secretaria Municipal De Educacao Publica;Depart. Municipal De Ensino Fundamental;Auxiliar De Servicos Gerais;Efetivo;Ativo;R$ 2.136,57;202608010648;;;23/03/2023;
026068;Ana Paula Fernandes;Secretaria Municipal De Educacao Publica;Departamento Municipal De Ensino Infantil;Estagiario;Estagiário;Ativo;R$ 1.215,75;202608026068;;;02/02/2026;
026287;Ana Paula Geraldo;Secretaria Municipal De Educacao Publica;Depart. Municipal De Ensino Fundamental;Auxiliar De Servicos Gerais;Contrato Determinado;Ativo;R$ 2.239,23;202608026287;;;26/05/2026;
024788;Ana Paula Marangoni Augusto;Secretaria Municipal De Educacao Publica;Departamento Municipal De Cultura, Turismo E Desen;Auxiliar Administrativo;Contrato Determinado;Ativo;R$ 2.069,03;202608024788;;;01/09/2022;
010208;Ana Paula Nehemy Baldo;Secretaria Municipal De Educacao Publica;Depart. Municipal De Ensino Fundamental;Professor Municipal;Efetivo;Ativo;R$ 4.752,78;202608010208;;;08/09/2008;
003246;Ana Paula Pereira De Mello Ramalho;Secretaria Municipal De Educacao Publica;Departamento Municipal De Cultura, Turismo E Desen;Chefe Da Divisao De Cultura;Comissionado;Ativo;R$ 5.842,16;202608003246;;;22/05/2025;
025168;Ana Paula Rodrigues;Secretaria Municipal De Administracao Geral;Secretaria Municipal De Administracao Geral;Agente Administrativo;Contrato Determinado;Ativo;R$ 3.191,13;202608025168;;;05/12/2023;
025655;Ana Paula Soares De Moraes;Secretaria Municipal De Saude Publica;Fundo Municipal De Saude Publica;Agente Comunitario De Saude;Contrato Determinado;Ativo;R$ 3.690,03;202608025655;;;03/02/2025;
010410;Ana Paula Valadao;Secretaria Municipal De Educacao Publica;Depart. Municipal De Ensino Fundamental;Professor Educacao Fisica;Efetivo;Ativo;R$ 4.494,69;202608010410;;;27/07/2022;
026109;Ana Vitoria Da Silva;Secretaria Municipal De Educacao Publica;Departamento Municipal De Ensino Infantil;Estagiario;Estagiário;Ativo;R$ 1.215,75;202608026109;;;02/02/2026;
023828;Anderson Agostinho Fernandes Da Silva;Secretaria Municipal De Administracao Geral;Secretaria Municipal De Administracao Geral;Tecnico Em Informatica;Contrato Determinado;Ativo;R$ 3.203,52;202608023828;;;04/01/2021;
025077;Anderson Dias De Santana;Secretaria Municipal De Saude Publica;Fundo Municipal De Saude Publica;Auxiliar De Enfermagem;Contrato Determinado;Ativo;R$ 2.489,65;202608025077;;;11/05/2023;
000521;Anderson Marcal;Secretaria Municipal De Saude Publica;Fundo Municipal De Saude Publica;Chefe Da Divisao De Atencao A Saude Da Familia;Efetivo;Ativo;R$ 7.885,43;202608000521;;;15/06/1992;
026041;Anderson Soares Silva;Secretaria Municipal De Educacao Publica;Depart. Municipal De Ensino Fundamental;Motorista;Contrato Determinado;Ativo;R$ 3.108,49;202608026041;;;02/02/2026;
010573;Andre Cesar Ferrarez;Secretaria Municipal De Administracao Geral;Secretaria Municipal De Administracao Geral;Auxiliar De Servicos Gerais;Efetivo;Ativo;R$ 3.069,99;202608010573;;;25/10/2022;
010554;Andre Luis Martins Custodio;Secretaria Municipal De Educacao Publica;Departamento Municipal De Educacao Publica;Analista De Administracao;Efetivo;Ativo;R$ 4.464,33;202608010554;;;25/10/2022;
010534;Andre Luiz Izac;Secretaria Municipal De Obra E Servico Publico;Departamento Municipal De Servico Publico;Operador De Maquina;Efetivo;Ativo;R$ 4.329,69;202608010534;;;01/08/2022;
010478;Andrea Aparecida Alves Luz;Secretaria Municipal De Saude Publica;Fundo Municipal De Saude Publica;Agente De Combate As Endemias;Efetivo;Funcionário De Férias;R$ 4.597,79;202608010478;;;01/08/2022;
025774;Andrei Ruan Da Silva Gomes;Secretaria Municipal De Obra E Servico Publico;Departamento Municipal De Servico Publico;Jardineiro;Contrato Determinado;Ativo;R$ 2.478,33;202608025774;;;06/03/2025;
010581;Andreia Aparecida Peres;Secretaria Municipal De Saude Publica;Fundo Municipal De Saude Publica;Fiscal Sanitario;Efetivo;Ativo;R$ 2.751,12;202608010581;;;25/10/2022;
026164;Andreia Batista De Oliveira;Secretaria Municipal De Educacao Publica;Departamento Municipal De Ensino Infantil;Estagiario;Estagiário;Ativo;R$ 1.215,75;202608026164;;;10/02/2026;
010391;Andreia De Souza Cecilio;Secretaria Municipal De Educacao Publica;Depart. Municipal De Ensino Fundamental;Professor Municipal;Efetivo;Ativo;R$ 4.887,95;202608010391;;;27/07/2022;
026173;Andreia Dias De Oliveira;Secretaria Municipal De Educacao Publica;Depart. Municipal De Ensino Fundamental;Estagiario;Estagiário;Ativo;R$ 810,50;202608026173;;;09/02/2026;
025543;Andreia Dos Reis Sueli;Secretaria Municipal De Obra E Servico Publico;Departamento Municipal De Servico Publico;Auxiliar De Servicos Gerais;Contrato Determinado;Ativo;R$ 2.676,90;202608025543;;;22/01/2025;
024723;Andreia Maria Luiz;Secretaria Municipal De Saude Publica;Fundo Municipal De Saude Publica;Agente Comunitario De Saude;Contrato Indetermindo;Ativo;R$ 3.690,03;202608024723;;;01/06/2022;
010420;Andresa Silva Valentim;Secretaria Municipal De Educacao Publica;Departamento Municipal De Ensino Infantil;Auxiliar De Creche;Efetivo;Ativo;R$ 2.251,39;202608010420;;;27/07/2022;
025818;Andrezza Voltolini Baldo;Secretaria Municipal De Saude Publica;Fundo Municipal De Saude Publica;Cirurgiao Dentista Da Esb;Contrato Determinado;Ativo;R$ 5.383,32;202608025818;;;05/05/2025;
010347;Angela Apoliana Moreira Ribeiro Braz;Secretaria Municipal De Saude Publica;Fundo Municipal De Saude Publica;Auxiliar De Servicos Gerais;Efetivo;Ativo;R$ 3.434,72;202608010347;;;01/04/2015;
023560;Angelo Junior Paulam;Secretaria Municipal De Obra E Servico Publico;Departamento Municipal De Servico Publico;Operador De Maquina;Contrato Determinado;Ativo;R$ 4.329,69;202608023560;;;04/01/2021;
010797;Aniele Alessandra De Oliveira Nunes;Secretaria Municipal De Administracao Geral;Secretaria Municipal De Administracao Geral;Agente Administrativo;Efetivo;Ativo;R$ 3.086,98;202608010797;;;27/08/2025;
010176;Anisio Donizete Da Costa;Secretaria Municipal De Saude Publica;Fundo Municipal De Saude Publica;Motorista;Efetivo;Ativo;R$ 3.219,94;202608010176;;;02/06/2008;
023638;Antonia Aparecida Moises Andreasse;Secretaria Municipal De Saude Publica;Fundo Municipal De Saude Publica;Auxiliar De Servicos Gerais;Contrato Determinado;Ativo;R$ 2.717,43;202608023638;;;04/01/2021;
000909;Antonieta Russo Ramos;Secretaria Municipal De Financas Geral;Secretaria Municipal De Financas Geral;Pensionista;Pensionista;Ativo;R$ 1.621,00;202608000909;;;14/03/2003;
010731;Antonio Alves Da Silva Filho;Secretaria Municipal De Saude Publica;Fundo Municipal De Saude Publica;Motorista;Efetivo;Ativo;R$ 3.564,40;202608010731;;;08/08/2023;
023561;Antonio Carlos Barbosa;Secretaria Municipal De Obra E Servico Publico;Departamento Municipal De Servico Publico;Auxiliar De Servicos Gerais;Contrato Determinado;Ativo;R$ 3.264,51;202608023561;;;04/01/2021;
026257;Antonio Carlos Dos Reis Bento;Secretaria Municipal De Obra E Servico Publico;Departamento Municipal De Servico Publico;Auxiliar De Servicos Gerais;Contrato Determinado;Ativo;R$ 3.110,52;202608026257;;;01/04/2026;
023626;Antonio Carlos Fernandes;Secretaria Municipal De Saude Publica;Fundo Municipal De Saude Publica;Motorista;Contrato Determinado;Funcionário De Férias;R$ 3.625,18;202608023626;;;01/01/2021;
024131;Antonio Carlos Ribeiro;Secretaria Municipal De Educacao Publica;Departamento Municipal De Ensino Infantil;Guarda Patrimonial;Contrato Determinado;Ativo;R$ 2.839,00;202608024131;;;13/07/2021;
026274;Antonio Cesar Da Silva;Secretaria Municipal De Educacao Publica;Depart. Municipal De Ensino Fundamental;Professor Educacao Fisica;Contrato Determinado;Ativo;R$ 3.901,82;202608026274;;;28/04/2026;
000008;Antonio De Oliveira;Secretaria Municipal De Financas Geral;Secretaria Municipal De Financas Geral;Inativo;Inativo;Ativo;R$ 1.621,00;202608000008;;;15/01/1964;
010696;Antonio Donizete Moises;Secretaria Municipal De Saude Publica;Fundo Municipal De Saude Publica;Agente Administrativo;Efetivo;Ativo;R$ 2.367,27;202608010696;;;08/08/2023;
000320;Antonio Eduardo Pamplona Ribeiro;Secretaria Municipal De Saude Publica;Fundo Municipal De Saude Publica;Coordenador Da Esb;Efetivo;Ativo;R$ 6.641,35;202608000320;;;01/08/1988;
010791;Antonio Marcos Ferreira;Secretaria Municipal De Educacao Publica;Depart. Municipal De Ensino Fundamental;Guarda Patrimonial;Efetivo;Funcionário De Férias;R$ 2.620,16;202608010791;;;06/06/2025;
010742;Antonio Souza Cerqueira Sobrinho;Secretaria Municipal De Saude Publica;Fundo Municipal De Saude Publica;Agente Administrativo;Efetivo;Ativo;R$ 2.367,27;202608010742;;;21/06/2024;
024832;Aparecida Donizete Ferreira Moretti;Secretaria Municipal De Saude Publica;Fundo Municipal De Saude Publica;Agente Comunitario De Saude;Contrato Determinado;Ativo;R$ 3.690,03;202608024832;;;09/01/2023;
023750;Aparecida Donizete Miranda Donabela;Secretaria Municipal De Saude Publica;Fundo Municipal De Saude Publica;Aux. De Consultorio Dentario;Contrato Determinado;Ativo;R$ 2.393,23;202608023750;;;04/01/2021;
023562;Aparecido Antonio Perlotti;Secretaria Municipal De Obra E Servico Publico;Departamento Municipal De Servico Publico;Oficial De Servico Pedreiro;Contrato Determinado;Ativo;R$ 3.657,61;202608023562;;;04/01/2021;
023831;Aparecido Maximo Ferreira;Secretaria Municipal De Administracao Geral;Secretaria Municipal De Administracao Geral;Guarda Patrimonial;Contrato Determinado;Ativo;R$ 2.474,28;202608023831;;;01/01/2021;
000916;Apparecida Jacintha De Freitas Luciano;Secretaria Municipal De Financas Geral;Secretaria Municipal De Financas Geral;Pensionista;Pensionista;Ativo;R$ 1.621,00;202608000916;;;08/03/2008;
026134;Ariane Angelica De Souza;Secretaria Municipal De Educacao Publica;Departamento Municipal De Ensino Infantil;Auxiliar De Servicos Gerais;Contrato Determinado;Ativo;R$ 2.114,17;202608026134;;;29/01/2026;
010379;Ariane Polachini Ferracin;Secretaria Municipal De Educacao Publica;Depart. Municipal De Ensino Fundamental;Professor Municipal;Efetivo;Ativo;R$ 4.420,05;202608010379;;;27/07/2022;
010168;Arlete Aparecida Alves Madeira De Oliveira;Secretaria Municipal De Educacao Publica;Departamento Municipal De Ensino Infantil;Professor Municipal;Efetivo;Ativo;R$ 5.194,69;202608010168;;;05/05/2008;
003247;Aroldo Moura Ferreira Junior;Secretaria Municipal De Governo;Secretaria Municipal De Governo;Assessor Especial De Governo;Comissionado;Ativo;R$ 8.389,57;202608003247;;;22/05/2025;
026255;Arthur Frezarin Vilas Boas;Secretaria Municipal De Saude Publica;Fundo Municipal De Saude Publica;Recepcionista;Contrato Determinado;Ativo;R$ 2.798,48;202608026255;;;06/04/2026;
026258;Augusto Henrique Alves;Secretaria Municipal De Obra E Servico Publico;Depart. Municipal De Obra E Serv. Publico;Aux. De Obras E Saneamento;Contrato Determinado;Ativo;R$ 3.203,72;202608026258;;;01/04/2026;
010421;Barbara Andrade De Almeida Oliveira;Secretaria Municipal De Educacao Publica;Departamento Municipal De Ensino Infantil;Auxiliar De Creche;Efetivo;Ativo;R$ 2.296,53;202608010421;;;27/07/2022;
000921;Barbara Aparecida Luiz Antonioli;Secretaria Municipal De Financas Geral;Secretaria Municipal De Financas Geral;Pensionista;Pensionista;Ativo;R$ 1.621,00;202608000921;;;01/09/2012;
026126;Barbara De Fatima Marques;Secretaria Municipal De Educacao Publica;Departamento Municipal De Ensino Infantil;Estagiario;Estagiário;Ativo;R$ 1.215,75;202608026126;;;02/02/2026;
010381;Beatriz Da Cunha E Silva;Secretaria Municipal De Educacao Publica;Departamento Municipal De Ensino Infantil;Professor Municipal;Efetivo;Ativo;R$ 4.472,04;202608010381;;;27/07/2022;
026230;Beatriz De Fatima Fidelis;Secretaria Municipal De Saude Publica;Fundo Municipal De Saude Publica;Auxiliar De Servicos Gerais;Contrato Determinado;Ativo;R$ 2.863,31;202608026230;;;02/03/2026;
026057;Beatriz Gomes Pereira;Secretaria Municipal De Educacao Publica;Depart. Municipal De Ensino Fundamental;Profissional De Apoio Escolar;Contrato Determinado;Ativo;R$ 3.189,81;202608026057;;;02/02/2026;
010772;Benedito Elias Moreira;Secretaria Municipal De Obra E Servico Publico;Departamento Municipal De Servico Publico;Guarda Patrimonial;Efetivo;Ativo;R$ 2.459,35;202608010772;;;23/06/2024;
025611;Benedito Menezes;Secretaria Municipal De Educacao Publica;Depart. Municipal De Ensino Fundamental;Motorista;Contrato Determinado;Ativo;R$ 3.369,88;202608025611;;;03/02/2025;
025924;Bianca Dos Santos Bento;Secretaria Municipal De Saude Publica;Fundo Municipal De Saude Publica;Estagiario;Estagiário;Ativo;R$ 1.215,75;202608025924;;;01/09/2025;
010360;Bruna Aparecida Da Silva;Secretaria Municipal De Educacao Publica;Departamento Municipal De Ensino Infantil;Professor Municipal;Efetivo;Ativo;R$ 4.316,07;202608010360;;;27/07/2022;
010613;Bruna Aparecida Dias;Secretaria Municipal De Saude Publica;Fundo Municipal De Saude Publica;Fiscal Sanitario;Efetivo;Ativo;R$ 2.751,12;202608010613;;;25/10/2022;
026242;Bruna Cristina Rocha;Secretaria Municipal De Administracao Geral;Secretaria Municipal De Administracao Geral;Auxiliar De Servicos Gerais;Contrato Determinado;Ativo;R$ 2.069,03;202608026242;;;18/03/2026;
010509;Bruna De Moraes Ribeiro Sontag;Secretaria Municipal De Saude Publica;Fundo Municipal De Saude Publica;Medico Ginecologista/Obstetra;Efetivo;Ativo;R$ 10.049,91;202608010509;;;01/08/2022;
026075;Bruna De Sousa;Secretaria Municipal De Educacao Publica;Departamento Municipal De Ensino Infantil;Auxiliar De Servicos Gerais;Contrato Determinado;Ativo;R$ 2.204,11;202608026075;;;28/01/2026;
025409;Bruna Dos Santos Mariano;Secretaria Municipal De Saude Publica;Fundo Municipal De Saude Publica;Psicologo;Contrato Determinado;Ativo;R$ 4.396,20;202608025409;;;20/03/2024;
026058;Bruna Eduarda Seribelli Dos Santos;Secretaria Municipal De Educacao Publica;Depart. Municipal De Ensino Fundamental;Profissional De Apoio Escolar;Contrato Determinado;Ativo;R$ 3.189,81;202608026058;;;02/02/2026;
025382;Bruna Fernanda Rossi;Secretaria Municipal De Educacao Publica;Departamento Municipal De Educacao Publica;Auxiliar Administrativo;Contrato Determinado;Ativo;R$ 2.774,16;202608025382;;;19/02/2024;
026270;Bruna Ferreira Dos Santos;Secretaria Municipal De Educacao Publica;Depart. Municipal De Ensino Fundamental;Inspetor De Alunos;Contrato Determinado;Ativo;R$ 2.136,57;202608026270;;;06/04/2026;
026039;Bruna Lima Campagnoli;Secretaria Municipal De Educacao Publica;Departamento Municipal De Ensino Infantil;Auxiliar De Servicos Gerais;Contrato Determinado;Ativo;R$ 2.136,57;202608026039;;;28/01/2026;
026216;Bruna Maira Aparecida Lopes;Secretaria Municipal De Educacao Publica;Departamento Municipal De Ensino Infantil;Estagiario;Estagiário;Ativo;R$ 1.215,75;202608026216;;;02/02/2026;
026049;Bruna Marlene Godoy Vasconcelos;Secretaria Municipal De Educacao Publica;Depart. Municipal De Ensino Fundamental;Profissional De Apoio Escolar;Contrato Determinado;Ativo;R$ 3.189,81;202608026049;;;02/02/2026;
010779;Bruna Natalia Da Silva Rodrigues;Secretaria Municipal De Educacao Publica;Departamento Municipal De Ensino Infantil;Professor Municipal;Efetivo;Ativo;R$ 3.801,36;202608010779;;;02/04/2025;
026091;Bruna Paola Campagnoli;Secretaria Municipal De Educacao Publica;Departamento Municipal De Ensino Infantil;Auxiliar De Creche;Contrato Determinado;Ativo;R$ 2.318,93;202608026091;;;30/01/2026;
026065;Bruna Rafaela Damiao Almeida;Secretaria Municipal De Educacao Publica;Departamento Municipal De Ensino Infantil;Auxiliar De Creche;Contrato Determinado;Ativo;R$ 2.318,93;202608026065;;;29/01/2026;
010522;Bruna Victor Zamarco;Secretaria Municipal De Saude Publica;Fundo Municipal De Saude Publica;Recepcionista;Efetivo;Ativo;R$ 2.125,35;202608010522;;;01/08/2022;
010795;Bruno Garcia Dos Reis;Secretaria Municipal De Educacao Publica;Departamento Municipal De Esporte Lazer Evento;Educador Fisico;Efetivo;Ativo;R$ 4.707,35;202608010795;;;10/06/2025;
025815;Bruno Henrique Paulino De Paula;Secretaria Municipal De Saude Publica;Fundo Municipal De Saude Publica;Estagiario;Estagiário;Ativo;R$ 810,50;202608025815;;;05/05/2025;
025949;Bruno Leonardo Toledo;Sec Mun De Planejamento Urbano E Meio Ambiente;Sec Mun De Planejamento Urbano E Meio Ambiente;Arquiteto;Efetivo;Ativo;R$ 4.784,79;202608025949;;;15/10/2025;
025110;Caio Fagundes Godinho;Secretaria Municipal De Saude Publica;Fundo Municipal De Saude Publica;Medico De Saude Da Familia;Contrato Determinado;Ativo;R$ 22.835,44;202608025110;;;27/06/2023;
010777;Camila Aparecida Faria Silva;Secretaria Municipal De Saude Publica;Fundo Municipal De Saude Publica;Auxiliar De Servicos Gerais;Efetivo;Ativo;R$ 2.717,43;202608010777;;;02/07/2024;
010241;Camila De Oliveira Faustino;Secretaria Municipal De Educacao Publica;Depart. Municipal De Ensino Fundamental;Auxiliar De Servicos Gerais;Efetivo;Ativo;R$ 2.249,14;202608010241;;;09/08/2013;
026245;Camila Garetti Paulino;Secretaria Municipal De Assistencia Social;Fundo Municipal De Assistencia Social;Auxiliar De Servicos Gerais;Contrato Determinado;Demitido;R$ 2.069,03;202608026245;;;23/03/2026;
026153;Camila Maira Campagnoli;Secretaria Municipal De Educacao Publica;Departamento Municipal De Ensino Infantil;Estagiario;Estagiário;Ativo;R$ 1.215,75;202608026153;;;02/02/2026;
010744;Camila Marques Paes Da Cunha;Sec Mun De Planejamento Urbano E Meio Ambiente;Sec Mun De Planejamento Urbano E Meio Ambiente;Arquiteto;Efetivo;Ativo;R$ 5.427,92;202608010744;;;21/06/2024;
026103;Camila Paulino Antoniasse;Secretaria Municipal De Educacao Publica;Departamento Municipal De Ensino Infantil;Estagiario;Estagiário;Ativo;R$ 1.215,75;202608026103;;;02/02/2026;
026197;Camilla Luz Maravelli;Secretaria Municipal De Educacao Publica;Departamento Municipal De Ensino Infantil;Estagiario;Estagiário;Ativo;R$ 1.215,75;202608026197;;;02/02/2026;
010691;Carina Aparecida Inacio;Secretaria Municipal De Educacao Publica;Depart. Municipal De Ensino Fundamental;Auxiliar De Servicos Gerais;Efetivo;Ativo;R$ 2.114,50;202608010691;;;23/03/2023;
000484;Carla Adriana Piccinini;Secretaria Municipal De Financas Geral;Secretaria Municipal De Financas Geral;Secretario Mun De Financas;Efetivo;Ativo;R$ 8.867,18;202608000484;;;15/08/1991;
025770;Carla Cristine Dos Santos Silva;Secretaria Municipal De Financas Geral;Secretaria Municipal De Financas Geral;Tecnico Em Contabilidade;Contrato Determinado;Ativo;R$ 2.727,12;202608025770;;;03/02/2025;
026050;Carla Marcelino Alves;Secretaria Municipal De Educacao Publica;Depart. Municipal De Ensino Fundamental;Profissional De Apoio Escolar;Contrato Determinado;Ativo;R$ 3.189,81;202608026050;;;02/02/2026;
024745;Carla Mariano Morais Rezende;Secretaria Municipal De Saude Publica;Fundo Municipal De Saude Publica;Agente Comunitario De Saude;Contrato Indetermindo;Ativo;R$ 3.690,03;202608024745;;;01/06/2022;
025175;Carla Menezes;Secretaria Municipal De Assistencia Social;Fundo Municipal De Assistencia Social;Conselheiro Tutelar;Conselheiro Tutelar;Ativo;R$ 2.310,76;202608025175;;;10/01/2024;
025975;Carlos Alberto Couto Soares;Secretaria Municipal De Governo;Secretaria Municipal De Governo;Auxiliar De Servicos Gerais;Contrato Determinado;Ativo;R$ 2.839,00;202608025975;;;15/01/2026;
003248;Carlos Antonio Custodio;Secretaria Municipal De Governo;Secretaria Municipal De Governo;Chefe Da Divisao De Administracao Distrital;Comissionado;Ativo;R$ 6.256,59;202608003248;;;22/05/2025;
026262;Carlos Cesar De Lima;Secretaria Municipal De Administracao Geral;Secretaria Municipal De Administracao Geral;Auxiliar De Servicos Gerais;Contrato Determinado;Ativo;R$ 2.069,03;202608026262;;;01/04/2026;
026231;Carlos Correia;Secretaria Municipal De Educacao Publica;Departamento Municipal De Ensino Infantil;Guarda Patrimonial;Contrato Determinado;Ativo;R$ 2.312,17;202608026231;;;02/03/2026;
003239;Carlos Eduardo Donnabella;Gabinete Municipal E Assessoria Governo;Gabinete Municipal E Assessoria Governo;Prefeito Municipal;Eleito;Ativo;R$ 17.734,34;202608003239;;;01/01/2025;
024750;Carlos Eduardo Ferreira;Secretaria Municipal De Saude Publica;Fundo Municipal De Saude Publica;Agente Comunitario De Saude;Contrato Indetermindo;Ativo;R$ 3.656,15;202608024750;;;01/06/2022;
026232;Carlos Roberto Cattani;Secretaria Municipal De Educacao Publica;Depart. Municipal De Ensino Fundamental;Motorista;Contrato Determinado;Ativo;R$ 3.098,36;202608026232;;;02/03/2026;
023753;Carmo Balbino Valentim;Secretaria Municipal De Educacao Publica;Departamento Municipal De Esporte Lazer Evento;Guarda Patrimonial;Contrato Determinado;Ativo;R$ 2.859,26;202608023753;;;04/01/2021;
026116;Carolina Cristina Verissimo;Secretaria Municipal De Educacao Publica;Departamento Municipal De Ensino Infantil;Estagiario;Estagiário;Ativo;R$ 1.215,75;202608026116;;;02/02/2026;
026193;Carolina Ferreira Vieira;Secretaria Municipal De Educacao Publica;Departamento Municipal De Ensino Infantil;Estagiario;Estagiário;Ativo;R$ 1.215,75;202608026193;;;09/02/2026;
026223;Caroline Gabriela Arantes;Secretaria Municipal De Educacao Publica;Departamento Municipal De Ensino Infantil;Estagiario;Estagiário;Ativo;R$ 1.215,75;202608026223;;;19/02/2026;
000924;Catarina Candida Da Silva;Secretaria Municipal De Financas Geral;Secretaria Municipal De Financas Geral;Pensionista;Pensionista;Ativo;R$ 1.621,00;202608000924;;;18/07/2013;
000110;Catharina Da Costa;Secretaria Municipal De Financas Geral;Secretaria Municipal De Financas Geral;Pensionista;Pensionista;Ativo;R$ 1.621,00;202608000110;;;01/01/1994;
026163;Caua Amaro Magalhaes;Secretaria Municipal De Educacao Publica;Depart. Municipal De Ensino Fundamental;Estagiario;Estagiário;Ativo;R$ 1.215,75;202608026163;;;09/02/2026;
010180;Celio Marcos Claudino;Secretaria Municipal De Saude Publica;Fundo Municipal De Saude Publica;Motorista;Efetivo;Ativo;R$ 3.552,24;202608010180;;;02/06/2008;
003249;Celio Marcos De Lima;Secretaria Municipal De Educacao Publica;Departamento Municipal De Esporte Lazer Evento;Chefe Da Divisao De Esporte E Lazer;Comissionado;Ativo;R$ 5.842,16;202608003249;;;22/05/2025;
023823;Celso Marinho Da Cruz;Secretaria Municipal De Obra E Servico Publico;Departamento Municipal De Servico Publico;Guarda Patrimonial;Contrato Determinado;Ativo;R$ 3.349,61;202608023823;;;01/01/2021;
025969;Cenira Donizete Dos Santos Luz;Secretaria Municipal De Educacao Publica;Depart. Municipal De Ensino Fundamental;Auxiliar De Servicos Gerais;Contrato Determinado;Ativo;R$ 2.685,00;202608025969;;;22/12/2025;
010260;Cesar Alberto Loterio De Oliveira;Secretaria Municipal De Educacao Publica;Departamento Municipal De Ensino Infantil;Guarda Patrimonial;Efetivo;Ativo;R$ 3.349,61;202608010260;;;09/08/2013;
010300;Cibele Aparecida De Lima;Secretaria Municipal De Saude Publica;Fundo Municipal De Saude Publica;Auxiliar De Enfermagem;Efetivo;Ativo;R$ 2.422,11;202608010300;;;09/08/2013;
010642;Cibele Aparecida De Souza;Secretaria Municipal De Saude Publica;Fundo Municipal De Saude Publica;Agente De Combate As Endemias;Efetivo;Ativo;R$ 4.338,43;202608010642;;;23/03/2023;
026140;Cintia Aparecida De Melo Silva;Secretaria Municipal De Educacao Publica;Departamento Municipal De Ensino Infantil;Estagiario;Estagiário;Ativo;R$ 1.215,75;202608026140;;;02/02/2026;
010775;Cintia De Lima Machado;Secretaria Municipal De Saude Publica;Fundo Municipal De Saude Publica;Nutricionista;Efetivo;Ativo;R$ 4.396,20;202608010775;;;27/06/2024;
010372;Cintia Maria De Paula Sergio;Secretaria Municipal De Educacao Publica;Departamento Municipal De Ensino Infantil;Professor Municipal;Efetivo;Ativo;R$ 4.316,07;202608010372;;;27/07/2022;
025516;Clarice Antonia Moreira;Secretaria Municipal De Saude Publica;Fundo Municipal De Saude Publica;Auxiliar De Enfermagem;Contrato Determinado;Ativo;R$ 3.306,33;202608025516;;;28/06/2024;
010483;Claudete Aparecida Lasaro;Secretaria Municipal De Saude Publica;Fundo Municipal De Saude Publica;Auxiliar De Enfermagem;Efetivo;Ativo;R$ 2.833,38;202608010483;;;01/08/2022;
000932;Claudete Ignacio Heloane;Secretaria Municipal De Financas Geral;Secretaria Municipal De Financas Geral;Pensionista;Pensionista;Ativo;R$ 1.814,23;202608000932;;;13/05/2018;
010007;Claudia Alves Goncalves;Secretaria Municipal De Educacao Publica;Departamento Municipal De Ensino Infantil;Professor Municipal;Efetivo;Ativo;R$ 5.064,72;202608010007;;;01/04/2008;
010687;Claudia Dos Santos;Secretaria Municipal De Educacao Publica;Depart. Municipal De Ensino Fundamental;Auxiliar De Servicos Gerais;Efetivo;Ativo;R$ 2.069,03;202608010687;;;29/03/2023;
026061;Claudia Fernanda De Medeiros;Secretaria Municipal De Educacao Publica;Depart. Municipal De Ensino Fundamental;Profissional De Apoio Escolar;Contrato Determinado;Ativo;R$ 3.189,81;202608026061;;;02/02/2026;
026166;Claudia Renata Cezarini Paschoini;Secretaria Municipal De Educacao Publica;Depart. Municipal De Ensino Fundamental;Estagiario;Estagiário;Ativo;R$ 1.215,75;202608026166;;;09/02/2026;
010726;Claudinei Donizete Nunes;Secretaria Municipal De Saude Publica;Fundo Municipal De Saude Publica;Motorista;Efetivo;Ativo;R$ 3.673,81;202608010726;;;08/08/2023;
010531;Claudinei Donizeti Crispim Dos Santos;Secretaria Municipal De Educacao Publica;Depart. Municipal De Ensino Fundamental;Guarda Patrimonial;Efetivo;Ativo;R$ 2.474,28;202608010531;;;01/08/2022;
010033;Claudio De Souza Lopes;Secretaria Municipal De Saude Publica;Fundo Municipal De Saude Publica;Agente De Combate As Endemias;Efetivo;Ativo;R$ 4.857,15;202608010033;;;01/04/2008;
010529;Clayton Henrique De Souza;Sec Mun De Planejamento Urbano E Meio Ambiente;Sec Mun De Planejamento Urbano E Meio Ambiente;Fiscal De Obras Serv. Urbanos;Efetivo;Ativo;R$ 2.367,27;202608010529;;;01/08/2022;
023754;Cleber Reis Julio;Secretaria Municipal De Educacao Publica;Departamento Municipal De Esporte Lazer Evento;Guarda Patrimonial;Contrato Determinado;Ativo;R$ 2.920,05;202608023754;;;01/01/2021;
010242;Cleusa Pimenta De Souza;Secretaria Municipal De Educacao Publica;Departamento Municipal De Cultura, Turismo E Desen;Auxiliar De Servicos Gerais;Efetivo;Ativo;R$ 2.069,03;202608010242;;;09/08/2013;
010428;Cleusimara Aparecida Dos Santos;Secretaria Municipal De Educacao Publica;Departamento Municipal De Ensino Infantil;Auxiliar De Creche;Efetivo;Ativo;R$ 2.318,93;202608010428;;;27/07/2022;
025967;Cleuza Maria Da Silva;Secretaria Municipal De Educacao Publica;Depart. Municipal De Ensino Fundamental;Auxiliar De Servicos Gerais;Contrato Determinado;Ativo;R$ 2.563,43;202608025967;;;21/12/2025;
010196;Creonice Froes;Secretaria Municipal De Educacao Publica;Departamento Municipal De Ensino Infantil;Coordenador Pedagogico;Efetivo;Ativo;R$ 7.112,61;202608010196;;;08/09/2008;
023649;Creusa Aparecida Pereira;Secretaria Municipal De Saude Publica;Fundo Municipal De Saude Publica;Auxiliar De Servicos Gerais;Contrato Determinado;Ativo;R$ 3.151,04;202608023649;;;04/01/2021;
022275;Crislaine Barbosa Dias;Secretaria Municipal De Saude Publica;Fundo Municipal De Saude Publica;Agente Comunitario De Saude;Contrato Indetermindo;Ativo;R$ 3.684,39;202608022275;;;02/05/2017;
010425;Crislane Aparecida Da Silva Fidelis;Secretaria Municipal De Educacao Publica;Departamento Municipal De Ensino Infantil;Auxiliar De Creche;Efetivo;Ativo;R$ 2.386,47;202608010425;;;27/07/2022;
023755;Cristiane Aparecida Baldo Pereira;Secretaria Municipal De Financas Geral;Secretaria Municipal De Financas Geral;Contador;Contrato Determinado;Ativo;R$ 4.130,21;202608023755;;;04/01/2021;
010415;Cristiane Das Neves;Secretaria Municipal De Educacao Publica;Departamento Municipal De Ensino Infantil;Auxiliar De Creche;Efetivo;Ativo;R$ 2.251,39;202608010415;;;27/07/2022;
026298;Cristiane De Souza Alves;Secretaria Municipal De Assistencia Social;Fundo Municipal De Assistencia Social;Conselheiro Tutelar;Contrato Determinado;Demitido;R$ 2.310,76;202608026298;;;01/07/2026;
026226;Cristiane Luz De Souza;Secretaria Municipal De Educacao Publica;Depart. Municipal De Ensino Fundamental;Professor Municipal;Efetivo;Ativo;R$ 4.488,30;202608026226;;;12/01/2026;
010790;Cristiane Motta De Souza Moreira;Secretaria Municipal De Educacao Publica;Depart. Municipal De Ensino Fundamental;Professor Municipal;Efetivo;Ativo;R$ 3.723,38;202608010790;;;06/06/2025;
025963;Cristina De Lucas Rodrigues Barbosa;Secretaria Municipal De Assistencia Social;Fundo Municipal De Assistencia Social;Cuidador De Criancas E Adolecentes;Contrato Determinado;Ativo;R$ 2.847,08;202608025963;;;15/12/2025;
010112;Cristina Dos Reis Lanzoni;Secretaria Municipal De Educacao Publica;Depart. Municipal De Ensino Fundamental;Professor Municipal;Efetivo;Ativo;R$ 5.064,72;202608010112;;;01/04/2008;
025133;Daiana Cristina Da Silva;Secretaria Municipal De Saude Publica;Fundo Municipal De Saude Publica;Agente Comunitario De Saude;Contrato Determinado;Ativo;R$ 3.690,03;202608025133;;;03/08/2023;
025092;Daiana Donizete Aparecida Fabio Silva;Secretaria Municipal De Saude Publica;Fundo Municipal De Saude Publica;Auxiliar De Enfermagem;Contrato Determinado;Ativo;R$ 2.422,11;202608025092;;;02/06/2023;
024677;Daiana Dos Reis Oliveira;Secretaria Municipal De Saude Publica;Fundo Municipal De Saude Publica;Agente Comunitario De Saude;Contrato Determinado;Ativo;R$ 3.690,03;202608024677;;;28/03/2022;
026159;Daiane Benvive Castilho;Secretaria Municipal De Educacao Publica;Depart. Municipal De Ensino Fundamental;Inspetor De Alunos;Contrato Determinado;Ativo;R$ 2.046,63;202608026159;;;09/02/2026;
026218;Daiane Cristina Correa Andreassi;Secretaria Municipal De Saude Publica;Fundo Municipal De Saude Publica;Auxiliar De Farmacia;Contrato Determinado;Ativo;R$ 2.204,11;202608026218;;;02/03/2026;
010708;Daiane Cristina Da Silva;Secretaria Municipal De Educacao Publica;Depart. Municipal De Ensino Fundamental;Auxiliar De Servicos Gerais;Efetivo;Ativo;R$ 2.609,36;202608010708;;;14/08/2023;
024747;Daiane Gessica Luiz Fagionato;Secretaria Municipal De Saude Publica;Fundo Municipal De Saude Publica;Agente Comunitario De Saude;Contrato Indetermindo;Ativo;R$ 3.690,03;202608024747;;;01/06/2022;
026064;Daiane Janaina Elias;Secretaria Municipal De Educacao Publica;Departamento Municipal De Ensino Infantil;Auxiliar De Creche;Contrato Determinado;Ativo;R$ 2.386,47;202608026064;;;29/01/2026;
025408;Daiani Castro Silva;Secretaria Municipal De Saude Publica;Fundo Municipal De Saude Publica;Agente Comunitario De Saude;Contrato Determinado;Ativo;R$ 3.687,62;202608025408;;;05/03/2024;
026045;Daiene Luz Dias Henrique;Secretaria Municipal De Educacao Publica;Depart. Municipal De Ensino Fundamental;Profissional De Apoio Escolar;Contrato Determinado;Ativo;R$ 3.189,81;202608026045;;;02/02/2026;
010793;Daniel Antonio Bandeira;Secretaria Municipal De Financas Geral;Secretaria Municipal De Financas Geral;Agente Administrativo;Efetivo;Ativo;R$ 2.367,27;202608010793;;;09/06/2025;
010252;Daniel Bregagnoli Felix Da Silva;Secretaria Municipal De Saude Publica;Fundo Municipal De Saude Publica;Guarda Patrimonial;Efetivo;Ativo;R$ 997,97;202608010252;;;09/08/2013;
010058;Daniel Francisco Alves;Secretaria Municipal De Educacao Publica;Depart. Municipal De Ensino Fundamental;Auxiliar De Servicos Gerais;Efetivo;Ativo;R$ 2.393,23;202608010058;;;01/04/2008;
000428;Daniel Marcelino Da Silva;Secretaria Municipal De Educacao Publica;Depart. Municipal De Ensino Fundamental;Aux. De Obras E Saneamento;Efetivo;Ativo;R$ 3.268,56;202608000428;;;01/03/1990;
025933;Daniel Rodrigues De Souza;Secretaria Municipal De Educacao Publica;Depart. Municipal De Ensino Fundamental;Motorista;Contrato Determinado;Ativo;R$ 3.195,62;202608025933;;;24/09/2025;
010328;Daniela Aparecida Damas;Secretaria Municipal De Assistencia Social;Fundo Municipal De Assistencia Social;Assistente Social;Efetivo;Ativo;R$ 3.738,17;202608010328;;;02/06/2014;
024231;Daniela Aparecida Ferreira Dos Santos;Secretaria Municipal De Saude Publica;Fundo Municipal De Saude Publica;Auxiliar De Enfermagem;Contrato Determinado;Ativo;R$ 2.489,65;202608024231;;;04/10/2021;
010288;Daniela Cristina Candida Medeiros;Secretaria Municipal De Educacao Publica;Depart. Municipal De Ensino Fundamental;Professor Municipal;Efetivo;Ativo;R$ 5.038,72;202608010288;;;09/08/2013;
010505;Daniela De Cassia Bandeira;Secretaria Municipal De Educacao Publica;Depart. Municipal De Ensino Fundamental;Auxiliar De Secretaria Escolar;Efetivo;Ativo;R$ 2.251,39;202608010505;;;27/07/2022;
010437;Daniela De Fatima Oliveira;Secretaria Municipal De Educacao Publica;Departamento Municipal De Ensino Infantil;Auxiliar De Creche;Efetivo;Ativo;R$ 2.318,93;202608010437;;;27/07/2022;
010282;Daniela Melo;Secretaria Municipal De Educacao Publica;Depart. Municipal De Ensino Fundamental;Orientador Educacional;Efetivo;Ativo;R$ 7.391,52;202608010282;;;09/08/2013;
024110;Daniela Santana Alvarenga;Secretaria Municipal De Educacao Publica;Depart. Municipal De Ensino Fundamental;Inspetor De Alunos;Contrato Determinado;Ativo;R$ 2.953,82;202608024110;;;19/05/2021;
024746;Daniele Cristina Nunes;Secretaria Municipal De Saude Publica;Fundo Municipal De Saude Publica;Agente Comunitario De Saude;Contrato Indetermindo;Ativo;R$ 3.690,03;202608024746;;;01/06/2022;
024740;Danielle Koziol;Secretaria Municipal De Saude Publica;Fundo Municipal De Saude Publica;Agente Comunitario De Saude;Contrato Indetermindo;Ativo;R$ 3.690,03;202608024740;;;01/06/2022;
010244;Danielly Aparecida Madalena Dos Santos;Secretaria Municipal De Saude Publica;Fundo Municipal De Saude Publica;Auxiliar De Servicos Gerais;Efetivo;Funcionário De Férias;R$ 2.717,43;202608010244;;;09/08/2013;
010802;Danilo Alves De Araujo;Secretaria Municipal De Saude Publica;Fundo Municipal De Saude Publica;Agente Administrativo;Efetivo;Funcionário De Férias;R$ 2.367,27;202608010802;;;28/08/2025;
010546;Danilo De Oliveira Silva;Secretaria Municipal De Saude Publica;Fundo Municipal De Saude Publica;Chefe Do Setor De Vig Epidemiologica;Efetivo;Ativo;R$ 3.916,72;202608010546;;;25/10/2022;
026243;Danilo Trovo;Secretaria Municipal De Educacao Publica;Depart. Municipal De Ensino Fundamental;Motorista;Contrato Determinado;Ativo;R$ 3.086,20;202608026243;;;10/03/2026;
026155;Dara Marina Pavanel De Lima;Secretaria Municipal De Educacao Publica;Depart. Municipal De Ensino Fundamental;Estagiario;Estagiário;Ativo;R$ 1.215,75;202608026155;;;03/02/2026;
010724;David Eduardo Siqueira;Secretaria Municipal De Educacao Publica;Departamento Municipal De Ensino Infantil;Inspetor De Alunos;Efetivo;Ativo;R$ 2.798,47;202608010724;;;08/08/2023;
010694;David Jose Passos;Secretaria Municipal De Educacao Publica;Depart. Municipal De Ensino Fundamental;Guarda Patrimonial;Efetivo;Ativo;R$ 2.818,74;202608010694;;;13/07/2023;
025423;Debora Aparecida Ferreira;Secretaria Municipal De Saude Publica;Fundo Municipal De Saude Publica;Agente Comunitario De Saude;Contrato Determinado;Ativo;R$ 3.690,03;202608025423;;;18/03/2024;
025938;Debora Aparecida Rosa;Secretaria Municipal De Saude Publica;Fundo Municipal De Saude Publica;Auxiliar De Enfermagem;Contrato Determinado;Ativo;R$ 2.422,11;202608025938;;;06/10/2025;
010598;Debora Carneiro Moreira Castro;Secretaria Municipal De Educacao Publica;Depart. Municipal De Ensino Fundamental;Professor Municipal;Efetivo;Ativo;R$ 5.168,69;202608010598;;;25/10/2022;
010755;Debora Cristina Nunes;Secretaria Municipal De Educacao Publica;Departamento Municipal De Ensino Infantil;Auxiliar De Servicos Gerais;Efetivo;Ativo;R$ 2.069,03;202608010755;;;21/06/2024;
010525;Debora Duarte Vieira;Secretaria Municipal De Saude Publica;Fundo Municipal De Saude Publica;Terapeuta Ocupacional;Efetivo;Ativo;R$ 3.738,17;202608010525;;;01/08/2022;
026176;Debora Evelyn Rodrigues;Secretaria Municipal De Educacao Publica;Departamento Municipal De Ensino Infantil;Estagiario;Estagiário;Ativo;R$ 1.215,75;202608026176;;;02/02/2026;
010137;Denilton De Souza;Secretaria Municipal De Obra E Servico Publico;Departamento Municipal De Servico Publico;Jardineiro;Efetivo;Ativo;R$ 2.579,49;202608010137;;;01/04/2008;
010550;Denis Dos Reis Martins;Secretaria Municipal De Saude Publica;Fundo Municipal De Saude Publica;Agente De Combate As Endemias;Efetivo;Ativo;R$ 5.003,04;202608010550;;;25/10/2022;
026294;Denis Jose Soares De Paula;Secretaria Municipal De Obra E Servico Publico;Depart. Municipal De Obra E Serv. Publico;Of. De Serv. Coletor De Lixo;Contrato Determinado;Ativo;R$ 3.422,56;202608026294;;;19/06/2026;
026067;Denise Aparecida De Oliveira Luz;Secretaria Municipal De Educacao Publica;Depart. Municipal De Ensino Fundamental;Profissional De Apoio Escolar;Contrato Determinado;Ativo;R$ 3.189,81;202608026067;;;02/02/2026;
010806;Denise Aparecida Dos Reis;Secretaria Municipal De Educacao Publica;Depart. Municipal De Ensino Fundamental;Auxiliar De Creche;Efetivo;Ativo;R$ 2.386,47;202608010806;;;23/03/2026;
026040;Denise Aparecida Perboni Da Rocha;Secretaria Municipal De Educacao Publica;Depart. Municipal De Ensino Fundamental;Orientador Educacional;Contrato Determinado;Ativo;R$ 5.735,97;202608026040;;;28/01/2026;
000156;Denise Dias De Souza Lucio;Secretaria Municipal De Financas Geral;Secretaria Municipal De Financas Geral;Inativo;Inativo;Ativo;R$ 1.621,00;202608000156;;;19/08/1983;
010707;Devanir Teodoro;Secretaria Municipal De Saude Publica;Fundo Municipal De Saude Publica;Auxiliar De Servicos Gerais;Efetivo;Ativo;R$ 2.717,43;202608010707;;;14/08/2023;
010259;Diego Dos Reis Silva;Secretaria Municipal De Administracao Geral;Secretaria Municipal De Administracao Geral;Guarda Patrimonial;Efetivo;Ativo;R$ 3.091,33;202608010259;;;09/08/2013;
025825;Diego Jose Soares De Paula;Secretaria Municipal De Obra E Servico Publico;Departamento Municipal De Servico Publico;Of. De Serv. Coletor De Lixo;Contrato Determinado;Ativo;R$ 3.422,56;202608025825;;;12/05/2025;
010611;Diego Sipriano De Almeida;Secretaria Municipal De Educacao Publica;Depart. Municipal De Ensino Fundamental;Guarda Patrimonial;Efetivo;Ativo;R$ 2.474,28;202608010611;;;26/10/2022;
000530;Dinoherci Romanini;Secretaria Municipal De Educacao Publica;Departamento Municipal De Ensino Infantil;Professor Municipal;Efetivo;Ativo;R$ 5.786,29;202608000530;;;14/01/1992;
010349;Dirce Da Silva Lima;Secretaria Municipal De Saude Publica;Fundo Municipal De Saude Publica;Auxiliar De Servicos Gerais;Efetivo;Ativo;R$ 2.717,43;202608010349;;;01/04/2015;
010556;Diva Lima Leoderio;Secretaria Municipal De Educacao Publica;Departamento Municipal De Ensino Infantil;Auxiliar De Secretaria Escolar;Efetivo;Ativo;R$ 2.251,39;202608010556;;;25/10/2022;
026251;Divania Eduarda Dos Reis Scarpel;Secretaria Municipal De Educacao Publica;Depart. Municipal De Ensino Fundamental;Auxiliar De Servicos Gerais;Contrato Determinado;Ativo;R$ 2.136,57;202608026251;;;09/03/2026;
010253;Donizete Alexandre;Secretaria Municipal De Educacao Publica;Depart. Municipal De Ensino Fundamental;Guarda Patrimonial;Efetivo;Ativo;R$ 2.474,28;202608010253;;;09/08/2013;
023757;Donizete Lopes;Secretaria Municipal De Educacao Publica;Departamento Municipal De Ensino Infantil;Guarda Patrimonial;Contrato Determinado;Ativo;R$ 2.159,31;202608023757;;;01/01/2021;
025784;Donizete Miguel De Araujo;Secretaria Municipal De Governo;Secretaria Municipal De Governo;Motorista;Contrato Determinado;Ativo;R$ 3.203,72;202608025784;;;24/03/2025;
010274;Donizete Sebastiao Moreira;Secretaria Municipal De Educacao Publica;Depart. Municipal De Ensino Fundamental;Motorista;Efetivo;Ativo;R$ 3.086,20;202608010274;;;09/08/2013;
010814;Douglas Nunes Vieira;Secretaria Municipal De Financas Geral;Secretaria Municipal De Financas Geral;Agente Administrativo;Efetivo;Ativo;R$ 2.367,27;202608010814;;;16/04/2026;
000131;Dulce Dos Santos;Secretaria Municipal De Financas Geral;Secretaria Municipal De Financas Geral;Inativo;Inativo;Ativo;R$ 2.549,86;202608000131;;;03/03/1967;
026311;Dyenister Salvador Da Silva;Secretaria Municipal De Educacao Publica;Departamento Municipal De Ensino Infantil;Estagiario;Estagiário;Ativo;R$ 526,82;202608026311;;;18/08/2026;
023720;Eder Dos Reis Machado;Secretaria Municipal De Saude Publica;Fundo Municipal De Saude Publica;Motorista;Contrato Determinado;Ativo;R$ 3.219,93;202608023720;;;01/01/2021;
010700;Edilaine Aparecida Vieira;Secretaria Municipal De Saude Publica;Fundo Municipal De Saude Publica;Auxiliar De Servicos Gerais;Efetivo;Ativo;R$ 3.095,66;202608010700;;;08/08/2023;
003251;Ediley Dutra Vieira;Secretaria Municipal De Administracao Geral;Secretaria Municipal De Administracao Geral;Chefe Do Setor De Manutencao De Veiculos, Maquinas;Comissionado;Ativo;R$ 4.975,20;202608003251;;;22/05/2025;
010273;Edilson Aparecido Miranda;Secretaria Municipal De Educacao Publica;Depart. Municipal De Ensino Fundamental;Motorista;Efetivo;Ativo;R$ 3.649,50;202608010273;;;09/08/2013;
010424;Edineia Caetano Vitor;Secretaria Municipal De Educacao Publica;Departamento Municipal De Ensino Infantil;Auxiliar De Creche;Efetivo;Ativo;R$ 2.318,93;202608010424;;;27/07/2022;
010441;Edineia Lopes Naves;Secretaria Municipal De Educacao Publica;Departamento Municipal De Ensino Infantil;Auxiliar De Creche;Efetivo;Licença Sem Remuneração;R$ 2.318,93;202608010441;;;27/07/2022;
010801;Edna Aparecida Sidnei Rodrigues;Secretaria Municipal De Assistencia Social;Fundo Municipal De Assistencia Social;Psicologo;Efetivo;Ativo;R$ 3.994,07;202608010801;;;27/08/2025;
026141;Edna De Alvarenga Olimpio;Secretaria Municipal De Educacao Publica;Departamento Municipal De Ensino Infantil;Estagiario;Estagiário;Ativo;R$ 1.215,75;202608026141;;;02/02/2026;
010287;Edna Duarte Bandeira Ferreira;Secretaria Municipal De Educacao Publica;Departamento Municipal De Ensino Infantil;Professor Municipal;Efetivo;Ativo;R$ 5.194,69;202608010287;;;09/08/2013;
023567;Edna Regina Antonioli;Secretaria Municipal De Educacao Publica;Departamento Municipal De Cultura, Turismo E Desen;Agente Administrativo;Contrato Determinado;Ativo;R$ 2.367,27;202608023567;;;04/01/2021;
010131;Edson Aparecido De Queiroz;Secretaria Municipal De Saude Publica;Fundo Municipal De Saude Publica;Agente De Combate As Endemias;Efetivo;Ativo;R$ 5.075,98;202608010131;;;01/04/2008;
010689;Edson Franca Barbosa;Secretaria Municipal De Saude Publica;Fundo Municipal De Saude Publica;Motorista;Efetivo;Ativo;R$ 3.625,18;202608010689;;;23/03/2023;
023824;Edson Reis De Carvalho;Secretaria Municipal De Obra E Servico Publico;Departamento Municipal De Servico Publico;Guarda Patrimonial;Contrato Determinado;Ativo;R$ 2.474,28;202608023824;;;01/01/2021;
026252;Edson Vitor Costa Barbosa;Secretaria Municipal De Saude Publica;Fundo Municipal De Saude Publica;Motorista;Contrato Determinado;Ativo;R$ 3.552,24;202608026252;;;24/03/2026;
026004;Eduarda Aparecida De Lima Perloti;Secretaria Municipal De Saude Publica;Fundo Municipal De Saude Publica;Estagiario;Estagiário;Ativo;R$ 1.215,75;202608026004;;;02/02/2026;
010430;Eduarda Campagnoli Da Costa;Secretaria Municipal De Educacao Publica;Departamento Municipal De Ensino Infantil;Auxiliar De Creche;Efetivo;Ativo;R$ 2.251,39;202608010430;;;27/07/2022;
010667;Eduardo Antonio Pereira Lima;Secretaria Municipal De Obra E Servico Publico;Departamento Municipal De Servico Publico;Motorista;Efetivo;Ativo;R$ 3.564,40;202608010667;;;23/03/2023;
010669;Eduardo De Oliveira;Secretaria Municipal De Administracao Geral;Secretaria Municipal De Administracao Geral;Eletricista;Efetivo;Ativo;R$ 3.272,62;202608010669;;;27/03/2023;
010126;Eduardo Ferreira De Oliveira;Secretaria Municipal De Educacao Publica;Depart. Municipal De Ensino Fundamental;Professor Municipal;Efetivo;Ativo;R$ 5.331,86;202608010126;;;01/04/2008;
025991;Eduardo Ferreira De Oliveira;Secretaria Municipal De Educacao Publica;Depart. Municipal De Ensino Fundamental;Professor Municipal;Contrato Determinado;Ativo;R$ 3.119,38;202608025991;;;26/01/2026;
026228;Elaine Cristina Avelar;Secretaria Municipal De Educacao Publica;Depart. Municipal De Ensino Fundamental;Profissional De Apoio Escolar;Contrato Determinado;Ativo;R$ 3.189,81;202608026228;;;05/02/2026;
010397;Elaine Cristina Campagnoli Duarte;Secretaria Municipal De Educacao Publica;Depart. Municipal De Ensino Fundamental;Professor Municipal;Efetivo;Ativo;R$ 4.316,07;202608010397;;;27/07/2022;
026108;Elaine Cristina Da Silva;Secretaria Municipal De Educacao Publica;Departamento Municipal De Ensino Infantil;Estagiario;Estagiário;Demitido;R$ 1.810,11;202608026108;;;02/02/2026;
026307;Elaine Cristina Da Silva;Secretaria Municipal De Educacao Publica;Departamento Municipal De Ensino Infantil;Auxiliar De Creche;Contrato Determinado;Ativo;R$ 1.095,16;202608026307;;;17/08/2026;
026074;Elaine Cristina De Lima;Secretaria Municipal De Educacao Publica;Departamento Municipal De Ensino Infantil;Auxiliar De Servicos Gerais;Contrato Determinado;Ativo;R$ 2.069,03;202608026074;;;28/01/2026;
010212;Elaine Cristina De Oliveira Reis;Secretaria Municipal De Saude Publica;Fundo Municipal De Saude Publica;Auxiliar De Servicos Gerais;Efetivo;Ativo;R$ 2.717,43;202608010212;;;05/01/2009;
010374;Elaine Cristina Dos Santos Baldo;Secretaria Municipal De Educacao Publica;Depart. Municipal De Ensino Fundamental;Professor Municipal;Efetivo;Ativo;R$ 4.316,07;202608010374;;;27/07/2022;
010663;Elaine Cristina Teodoro Barboza;Secretaria Municipal De Educacao Publica;Departamento Municipal De Ensino Infantil;Professor Municipal;Efetivo;Ativo;R$ 4.477,23;202608010663;;;23/03/2023;
010751;Elaine Cristina Valentim;Secretaria Municipal De Educacao Publica;Depart. Municipal De Ensino Fundamental;Auxiliar De Servicos Gerais;Efetivo;Ativo;R$ 2.587,74;202608010751;;;21/06/2024;
010197;Elaine Divina Marcili;Secretaria Municipal De Educacao Publica;Departamento Municipal De Ensino Infantil;Coordenador Pedagogico;Efetivo;Ativo;R$ 7.050,23;202608010197;;;08/09/2008;
026240;Elen Cristina De Oliveira Moraes;Secretaria Municipal De Saude Publica;Fundo Municipal De Saude Publica;Psicologo;Contrato Determinado;Ativo;R$ 4.396,20;202608026240;;;16/03/2026;
000605;Elenisse Aparecida De Souza;Secretaria Municipal De Financas Geral;Secretaria Municipal De Financas Geral;Inativo;Inativo;Ativo;R$ 4.908,09;202608000605;;;01/03/1975;
010586;Eli Carlos Raimundo Santos;Secretaria Municipal De Educacao Publica;Departamento Municipal De Ensino Infantil;Guarda Patrimonial;Efetivo;Ativo;R$ 2.474,28;202608010586;;;25/10/2022;
026248;Eliana Aparecida Alves Correa;Secretaria Municipal De Educacao Publica;Depart. Municipal De Ensino Fundamental;Professor Municipal;Contrato Determinado;Ativo;R$ 3.567,41;202608026248;;;24/03/2026;
022252;Eliana Aparecida Avelar;Secretaria Municipal De Saude Publica;Fundo Municipal De Saude Publica;Agente Comunitario De Saude;Contrato Indetermindo;Ativo;R$ 4.122,30;202608022252;;;03/04/2017;
010571;Eliana Aparecida Goncalves De Aguiar;Secretaria Municipal De Educacao Publica;Departamento Municipal De Ensino Infantil;Auxiliar De Servicos Gerais;Efetivo;Ativo;R$ 2.069,03;202608010571;;;25/10/2022;
025094;Eliana Aparecida Lingo Barbosa;Secretaria Municipal De Saude Publica;Fundo Municipal De Saude Publica;Aux.Consultorio Dentario;Contrato Determinado;Ativo;R$ 2.612,06;202608025094;;;12/06/2023;
010204;Eliana Aparecida Ribeiro;Secretaria Municipal De Educacao Publica;Departamento Municipal De Ensino Infantil;Diretor Escolar;Efetivo;Ativo;R$ 7.960,47;202608010204;;;08/09/2008;
010711;Eliana De Fatima Timoteu;Secretaria Municipal De Obra E Servico Publico;Departamento Municipal De Servico Publico;Auxiliar De Servicos Gerais;Efetivo;Ativo;R$ 2.818,74;202608010711;;;08/08/2023;
010401;Eliana Dos Reis Barbosa E Santos;Secretaria Municipal De Educacao Publica;Depart. Municipal De Ensino Fundamental;Professor Municipal;Efetivo;Ativo;R$ 4.472,04;202608010401;;;27/07/2022;
010771;Eliana Garcia Luz;Secretaria Municipal De Educacao Publica;Departamento Municipal De Ensino Infantil;Auxiliar De Servicos Gerais;Efetivo;Ativo;R$ 2.298,67;202608010771;;;21/06/2024;
025802;Eliani Perpetua Sueli E Oliveira;Secretaria Municipal De Saude Publica;Fundo Municipal De Saude Publica;Enfermeiro;Contrato Determinado;Ativo;R$ 5.383,32;202608025802;;;02/04/2025;
010722;Elieslei Da Silva Adao;Secretaria Municipal De Educacao Publica;Depart. Municipal De Ensino Fundamental;Guarda Patrimonial;Efetivo;Ativo;R$ 2.555,32;202608010722;;;10/08/2023;
010502;Elisa Dias Da Costa Oliveira;Secretaria Municipal De Saude Publica;Fundo Municipal De Saude Publica;Enfermeiro Do Psf;Efetivo;Ativo;R$ 5.383,32;202608010502;;;01/08/2022;
010207;Elisabete Custodio Ferraresi;Secretaria Municipal De Educacao Publica;Departamento Municipal De Ensino Infantil;Professor Municipal;Efetivo;Ativo;R$ 5.725,39;202608010207;;;08/09/2008;
026146;Elisabete Pereira Luz;Secretaria Municipal De Educacao Publica;Departamento Municipal De Ensino Infantil;Estagiario;Estagiário;Ativo;R$ 1.215,75;202608026146;;;09/02/2026;
010650;Elisangela Aparecida De Lima;Secretaria Municipal De Educacao Publica;Depart. Municipal De Ensino Fundamental;Auxiliar De Servicos Gerais;Efetivo;Ativo;R$ 2.069,03;202608010650;;;23/03/2023;
010482;Elisangela Dos Reis Braz Silva;Secretaria Municipal De Saude Publica;Fundo Municipal De Saude Publica;Aux. De Consultorio Dentario;Efetivo;Ativo;R$ 2.567,48;202608010482;;;01/08/2022;
025533;Eliszane Baldoni Justino Rosa;Secretaria Municipal De Saude Publica;Fundo Municipal De Saude Publica;Auxiliar De Enfermagem;Contrato Determinado;Ativo;R$ 3.717,60;202608025533;;;22/10/2024;
010699;Elizete Aparecida Leite Oliveira;Secretaria Municipal De Educacao Publica;Depart. Municipal De Ensino Fundamental;Auxiliar De Servicos Gerais;Efetivo;Ativo;R$ 2.460,77;202608010699;;;08/08/2023;
010718;Ellen Caroline Esteves Dos Santos;Secretaria Municipal De Administracao Geral;Secretaria Municipal De Administracao Geral;Auxiliar De Servicos Gerais;Efetivo;Ativo;R$ 2.566,58;202608010718;;;14/08/2023;
003252;Eloi Eymard Neves;Secretaria Municipal De Obra E Servico Publico;Depart. Municipal De Obra E Serv. Publico;Chefe Da Divisao  De Obras Publicas E Engenharia;Comissionado;Ativo;R$ 6.256,59;202608003252;;;22/05/2025;
023551;Elton Cesar Batista;Secretaria Municipal De Obra E Servico Publico;Departamento Municipal De Servico Publico;Oficial De Servico Coveiro;Contrato Determinado;Ativo;R$ 3.082,15;202608023551;;;01/01/2021;
010668;Elton Cesar Da Silva;Secretaria Municipal De Assistencia Social;Fundo Municipal De Assistencia Social;Motorista;Efetivo;Ativo;R$ 3.098,36;202608010668;;;23/03/2023;
010254;Elton De Souza Goncalves;Secretaria Municipal De Educacao Publica;Departamento Municipal De Ensino Infantil;Guarda Patrimonial;Efetivo;Ativo;R$ 2.474,28;202608010254;;;09/08/2013;
025392;Emerson Cassius Alvarenga;Secretaria Municipal De Saude Publica;Fundo Municipal De Saude Publica;Jardineiro;Contrato Determinado;Ativo;R$ 2.595,85;202608025392;;;06/03/2024;
010261;Emerson Rodrigues Da Silva;Secretaria Municipal De Obra E Servico Publico;Departamento Municipal De Servico Publico;Guarda Patrimonial;Efetivo;Ativo;R$ 1.034,52;202608010261;;;09/08/2013;
025978;Eni Francisca De Oliveira Ribeiro;Secretaria Municipal De Educacao Publica;Depart. Municipal De Ensino Fundamental;Professor Municipal;Contrato Determinado;Ativo;R$ 3.697,38;202608025978;;;26/01/2026;
024816;Erica Soares Braga;Secretaria Municipal De Saude Publica;Fundo Municipal De Saude Publica;Auxiliar De Servicos Gerais;Contrato Determinado;Ativo;R$ 3.186,90;202608024816;;;03/10/2022;
023861;Erik Soares Dos Reis;Secretaria Municipal De Obra E Servico Publico;Departamento Municipal De Servico Publico;Guarda Patrimonial;Contrato Determinado;Ativo;R$ 2.474,28;202608023861;;;01/01/2021;
010677;Erivelto Vitor Paulino;Secretaria Municipal De Administracao Geral;Secretaria Municipal De Administracao Geral;Analista De Administracao;Efetivo;Ativo;R$ 2.778,52;202608010677;;;27/03/2023;
026110;Estefane Aparecida Tertuliano Luiz;Secretaria Municipal De Educacao Publica;Departamento Municipal De Ensino Infantil;Estagiario;Estagiário;Ativo;R$ 1.215,75;202608026110;;;02/02/2026;
026051;Estefania Aparecida De Andrade De Souza;Secretaria Municipal De Educacao Publica;Depart. Municipal De Ensino Fundamental;Profissional De Apoio Escolar;Contrato Determinado;Ativo;R$ 1.807,56;202608026051;;;02/02/2026;
010480;Estela Aparecida Silva;Secretaria Municipal De Assistencia Social;Fundo Municipal De Assistencia Social;Assistente Social;Efetivo;Ativo;R$ 3.738,17;202608010480;;;01/08/2022;
025495;Estela Maria Andreassa De Lima;Secretaria Municipal De Saude Publica;Fundo Municipal De Saude Publica;Auxiliar De Enfermagem;Contrato Determinado;Ativo;R$ 2.422,11;202608025495;;;18/06/2024;
024073;Ester Solange Antunes Silva Bueno;Secretaria Municipal De Saude Publica;Fundo Municipal De Saude Publica;Auxiliar De Enfermagem Do Psf;Contrato Determinado;Ativo;R$ 2.422,11;202608024073;;;22/02/2021;
025940;Evaldo Messias Do Nascimento;Secretaria Municipal De Obra E Servico Publico;Departamento Municipal De Servico Publico;Motorista;Contrato Determinado;Ativo;R$ 3.098,36;202608025940;;;06/10/2025;
010418;Evaneide Machado Soares;Secretaria Municipal De Educacao Publica;Departamento Municipal De Ensino Infantil;Auxiliar De Creche;Efetivo;Ativo;R$ 2.386,47;202608010418;;;27/07/2022;
010041;Everton Dos Santos Silva;Secretaria Municipal De Saude Publica;Fundo Municipal De Saude Publica;Motorista;Efetivo;Ativo;R$ 3.560,34;202608010041;;;01/04/2008;
010603;Everton Vanderlei Militao;Secretaria Municipal De Educacao Publica;Depart. Municipal De Ensino Fundamental;Professor Municipal;Efetivo;Ativo;R$ 4.440,84;202608010603;;;25/10/2022;
025622;Everton Vieira De Paula;Secretaria Municipal De Saude Publica;Fundo Municipal De Saude Publica;Motorista;Contrato Determinado;Ativo;R$ 3.552,24;202608025622;;;03/02/2025;
026076;Eveti Aparecida De Paula Leandro;Secretaria Municipal De Educacao Publica;Depart. Municipal De Ensino Fundamental;Auxiliar De Servicos Gerais;Contrato Determinado;Ativo;R$ 1.331,89;202608026076;;;28/01/2026;
026012;Fabiana Aparecida Luz;Secretaria Municipal De Educacao Publica;Departamento Municipal De Ensino Infantil;Estagiario;Estagiário;Ativo;R$ 1.215,75;202608026012;;;02/02/2026;
025876;Fabiana Morgante;Secretaria Municipal De Obra E Servico Publico;Departamento Municipal De Servico Publico;Auxiliar De Servicos Gerais;Contrato Determinado;Ativo;R$ 2.293,74;202608025876;;;14/07/2025;
010366;Fabiana Paulino;Secretaria Municipal De Educacao Publica;Departamento Municipal De Ensino Infantil;Professor Municipal;Efetivo;Licença Maternidade;R$ 3.853,35;202608010366;;;27/07/2022;
010182;Fabiano Dos Santos Trovo;Secretaria Municipal De Obra E Servico Publico;Departamento Municipal De Servico Publico;Motorista;Efetivo;Ativo;R$ 3.564,40;202608010182;;;02/06/2008;
023574;Fabiano Tomaz Da Silva;Secretaria Municipal De Obra E Servico Publico;Departamento Municipal De Servico Publico;Jardineiro;Contrato Determinado;Ativo;R$ 3.434,39;202608023574;;;04/01/2021;
010071;Fabio Fernando De Paula;Secretaria Municipal De Educacao Publica;Depart. Municipal De Ensino Fundamental;Guarda Patrimonial;Efetivo;Ativo;R$ 2.960,57;202608010071;;;01/04/2008;
010498;Fabio Lopes;Secretaria Municipal De Educacao Publica;Departamento Municipal De Esporte Lazer Evento;Educador Fisico;Efetivo;Ativo;R$ 4.425,78;202608010498;;;01/08/2022;
010786;Fabio Pizetta;Secretaria Municipal De Educacao Publica;Depart. Municipal De Ensino Fundamental;Guarda Patrimonial;Efetivo;Ativo;R$ 2.555,32;202608010786;;;02/04/2025;
010743;Fabricia Dos Reis Aparecida Miranda;Secretaria Municipal De Saude Publica;Fundo Municipal De Saude Publica;Agente De Combate As Endemias;Efetivo;Funcionário De Férias;R$ 4.338,43;202608010743;;;21/06/2024;
025796;Fabricio Santos De Souza;Secretaria Municipal De Educacao Publica;Depart. Municipal De Ensino Fundamental;Motorista;Contrato Determinado;Ativo;R$ 3.333,40;202608025796;;;08/04/2025;
023552;Fatima Regina Da Silva;Secretaria Municipal De Obra E Servico Publico;Departamento Municipal De Servico Publico;Auxiliar De Servicos Gerais;Contrato Determinado;Funcionário De Férias;R$ 3.248,30;202608023552;;;01/01/2021;
025150;Felipe Augusto Carneiro Ferreira;Secretaria Municipal De Obra E Servico Publico;Departamento Municipal De Servico Publico;Auxiliar De Servicos Gerais;Contrato Determinado;Ativo;R$ 2.710,60;202608025150;;;09/10/2023;
025857;Felipe Ferreira Cardoso;Secretaria Municipal De Governo;Secretaria Municipal De Governo;Agente Administrativo;Contrato Determinado;Ativo;R$ 2.367,27;202608025857;;;16/06/2025;
010702;Felipe Rodrigues Cardoso;Secretaria Municipal De Obra E Servico Publico;Departamento Municipal De Servico Publico;Auxiliar De Servicos Gerais;Efetivo;Ativo;R$ 3.669,44;202608010702;;;08/08/2023;
025173;Felipe Sant Ana Jardim;Secretaria Municipal De Saude Publica;Fundo Municipal De Saude Publica;Medico De Saude Da Familia;Contrato Determinado;Ativo;R$ 20.993,07;202608025173;;;27/12/2023;
024727;Fernanda Aparecida Avelino De Oliveira;Secretaria Municipal De Saude Publica;Fundo Municipal De Saude Publica;Agente Comunitario De Saude;Contrato Indetermindo;Ativo;R$ 3.690,03;202608024727;;;01/06/2022;
010375;Fernanda Aparecida Dos Santos;Secretaria Municipal De Educacao Publica;Depart. Municipal De Ensino Fundamental;Coordenador Pedagogico;Efetivo;Ativo;R$ 6.395,16;202608010375;;;27/07/2022;
010291;Fernanda Aparecida Martins Da Silva;Secretaria Municipal De Educacao Publica;Departamento Municipal De Ensino Infantil;Professor Municipal;Efetivo;Ativo;R$ 4.976,33;202608010291;;;09/08/2013;
010739;Fernanda Baldussi;Secretaria Municipal De Saude Publica;Fundo Municipal De Saude Publica;Enfermeiro Do Psf;Efetivo;Ativo;R$ 5.383,32;202608010739;;;28/08/2023;
026046;Fernanda Bento Marciano;Secretaria Municipal De Educacao Publica;Depart. Municipal De Ensino Fundamental;Profissional De Apoio Escolar;Contrato Determinado;Ativo;R$ 3.189,81;202608026046;;;02/02/2026;
010652;Fernanda Corsi Silva;Secretaria Municipal De Saude Publica;Fundo Municipal De Saude Publica;Enfermeiro Do Psf;Efetivo;Ativo;R$ 5.383,32;202608010652;;;23/03/2023;
010165;Fernanda Cristina Coelho Moreira;Secretaria Municipal De Educacao Publica;Departamento Municipal De Ensino Infantil;Professor Municipal;Efetivo;Ativo;R$ 5.253,18;202608010165;;;05/05/2008;
026010;Fernanda Cristine Zamarco;Secretaria Municipal De Educacao Publica;Departamento Municipal De Cultura, Turismo E Desen;Estagiario;Estagiário;Ativo;R$ 1.215,75;202608026010;;;13/12/2025;
026154;Fernanda Francisco Paulino Moises;Secretaria Municipal De Educacao Publica;Depart. Municipal De Ensino Fundamental;Estagiario;Estagiário;Ativo;R$ 1.215,75;202608026154;;;02/02/2026;
010625;Fernanda Marilia De Souza;Secretaria Municipal De Saude Publica;Fundo Municipal De Saude Publica;Enfermeiro;Efetivo;Ativo;R$ 6.373,43;202608010625;;;01/11/2022;
025998;Fernanda Mileide Dos Santos;Secretaria Municipal De Educacao Publica;Depart. Municipal De Ensino Fundamental;Professor Municipal;Contrato Determinado;Ativo;R$ 3.567,41;202608025998;;;26/01/2026;
025605;Fernanda Perboni Alves;Secretaria Municipal De Saude Publica;Fundo Municipal De Saude Publica;Recepcionista;Contrato Determinado;Ativo;R$ 2.271,65;202608025605;;;03/02/2025;
010358;Fernanda Pereira Vidoni;Secretaria Municipal De Educacao Publica;Departamento Municipal De Ensino Infantil;Professor Municipal;Efetivo;Ativo;R$ 4.316,07;202608010358;;;27/07/2022;
010765;Fernando Aparecido Miranda;Secretaria Municipal De Saude Publica;Fundo Municipal De Saude Publica;Motorista;Efetivo;Ativo;R$ 3.268,56;202608010765;;;21/06/2024;
010729;Fernando Bitencourt De Alcantara;Secretaria Municipal De Saude Publica;Fundo Municipal De Saude Publica;Motorista;Efetivo;Ativo;R$ 3.576,55;202608010729;;;08/08/2023;
025127;Fernando Carvalho Angelo;Secretaria Municipal De Saude Publica;Fundo Municipal De Saude Publica;Cirurgiao Dentista Da Esb;Contrato Determinado;Ativo;R$ 5.383,32;202608025127;;;07/08/2023;
010053;Fernando Donizete Dos Reis Vieira;Secretaria Municipal De Obra E Servico Publico;Departamento Municipal De Servico Publico;Auxiliar De Servicos Gerais;Efetivo;Ativo;R$ 2.872,05;202608010053;;;01/04/2008;
010804;Fernando Junior Neto Araujo;Secretaria Municipal De Saude Publica;Fundo Municipal De Saude Publica;Agente De Combate As Endemias;Efetivo;Ativo;R$ 4.951,57;202608010804;;;23/03/2026;
024112;Fernando Porfirio Silva;Secretaria Municipal De Obra E Servico Publico;Depart. Municipal De Obra E Serv. Publico;Agente Administrativo;Contrato Determinado;Ativo;R$ 3.144,56;202608024112;;;18/05/2021;
021727;Flavia Araujo Duarte;Secretaria Municipal De Saude Publica;Fundo Municipal De Saude Publica;Agente Comunitario De Saude;Contrato Indetermindo;Ativo;R$ 3.690,03;202608021727;;;01/06/2016;
025993;Flavia Rodrigues Marangoni Do Carmo;Secretaria Municipal De Educacao Publica;Depart. Municipal De Ensino Fundamental;Professor Municipal;Contrato Determinado;Ativo;R$ 4.126,30;202608025993;;;26/01/2026;
003195;Flavio Esteves Pereira Junior;Secretaria Municipal De Assistencia Social;Fundo Municipal De Assistencia Social;Sec. Mun. Assistencia Social;Comissionado;Ativo;R$ 8.867,17;202608003195;;;01/01/2021;
025592;Flavio Luis Alves;Secretaria Municipal De Obra E Servico Publico;Departamento Municipal De Servico Publico;Guarda Patrimonial;Contrato Determinado;Funcionário De Férias;R$ 3.496,58;202608025592;;;23/01/2025;
010619;Flavio Roberto Dos Santos Pandolfo;Secretaria Municipal De Saude Publica;Fundo Municipal De Saude Publica;Motorista;Efetivo;Ativo;R$ 3.552,24;202608010619;;;01/11/2022;
010389;Flavio Rodrigues Andrade;Secretaria Municipal De Educacao Publica;Depart. Municipal De Ensino Fundamental;Professor Municipal;Efetivo;Ativo;R$ 4.316,07;202608010389;;;27/07/2022;
003253;Francelino Augusto Vieira;Secretaria Municipal De Obra E Servico Publico;Depart. Municipal De Obra E Serv. Publico;Chefe Da Divisao De Servicos Publicos;Comissionado;Ativo;R$ 6.514,21;202608003253;;;22/05/2025;
010579;Franciele Aparecida Vieira Campos;Secretaria Municipal De Saude Publica;Fundo Municipal De Saude Publica;Enfermeiro Do Psf;Efetivo;Ativo;R$ 5.383,32;202608010579;;;25/10/2022;
010359;Franciele Caroline Dos Santos;Secretaria Municipal De Educacao Publica;Departamento Municipal De Ensino Infantil;Professor Municipal;Efetivo;Ativo;R$ 4.316,07;202608010359;;;27/07/2022;
025647;Franciele Furlan Fernandes;Secretaria Municipal De Administracao Geral;Secretaria Municipal De Administracao Geral;Agente Administrativo;Contrato Determinado;Ativo;R$ 3.119,16;202608025647;;;10/02/2025;
010354;Franciele Luz Valentim;Secretaria Municipal De Educacao Publica;Departamento Municipal De Ensino Infantil;Professor Municipal;Efetivo;Ativo;R$ 4.321,26;202608010354;;;27/07/2022;
023660;Franciele Negrao Vieira;Secretaria Municipal De Assistencia Social;Fundo Municipal De Assistencia Social;Recepcionista;Contrato Determinado;Ativo;R$ 3.009,21;202608023660;;;04/01/2021;
026186;Franciely Dos Reis Moreira;Secretaria Municipal De Educacao Publica;Depart. Municipal De Ensino Fundamental;Estagiario;Estagiário;Ativo;R$ 1.215,75;202608026186;;;09/02/2026;
010336;Francisca Adriana Vieira;Secretaria Municipal De Educacao Publica;Departamento Municipal De Ensino Infantil;Professor Municipal;Efetivo;Ativo;R$ 5.314,27;202608010336;;;18/12/2014;
010720;Francisca Dos Reis Silva;Secretaria Municipal De Saude Publica;Fundo Municipal De Saude Publica;Enfermeiro Do Psf;Efetivo;Ativo;R$ 5.348,92;202608010720;;;08/08/2023;
000901;Francisca Souza Santos;Secretaria Municipal De Financas Geral;Secretaria Municipal De Financas Geral;Inativo;Inativo;Ativo;R$ 1.621,00;202608000901;;;13/01/1980;
026199;Francisca Talia Lima Galvao;Secretaria Municipal De Educacao Publica;Departamento Municipal De Ensino Infantil;Estagiario;Estagiário;Ativo;R$ 1.215,75;202608026199;;;02/02/2026;
000523;Francisco Jose Dos Santos;Secretaria Municipal De Financas Geral;Secretaria Municipal De Financas Geral;Inativo;Inativo;Ativo;R$ 1.621,00;202608000523;;;07/01/1992;
023575;Francisco Tome Duarte;Secretaria Municipal De Obra E Servico Publico;Departamento Municipal De Servico Publico;Jardineiro;Contrato Determinado;Ativo;R$ 2.393,23;202608023575;;;04/01/2021;
010580;Frantisco Paulino Da Costa;Secretaria Municipal De Financas Geral;Secretaria Municipal De Financas Geral;Fiscal De Tributos Municipais;Efetivo;Ativo;R$ 3.039,32;202608010580;;;25/10/2022;
026301;Gabriel Augusto Pereira Silva;Secretaria Municipal De Administracao Geral;Secretaria Municipal De Administracao Geral;Estagiario;Estagiário;Ativo;R$ 1.134,70;202608026301;;;03/08/2026;
010540;Gabriel Moreira Da Silva;Secretaria Municipal De Educacao Publica;Depart. Municipal De Ensino Fundamental;Guarda Patrimonial;Efetivo;Ativo;R$ 3.325,30;202608010540;;;01/08/2022;
010626;Gabriel Spagnol;Secretaria Municipal De Saude Publica;Fundo Municipal De Saude Publica;Psicologo;Efetivo;Ativo;R$ 4.396,20;202608010626;;;01/11/2022;
010555;Gabriela Dos Reis Montagnini Avila;Secretaria Municipal De Educacao Publica;Departamento Municipal De Ensino Infantil;Auxiliar De Creche;Efetivo;Ativo;R$ 2.236,46;202608010555;;;25/10/2022;
010783;Gabriela Lopes De Sales;Secretaria Municipal De Educacao Publica;Departamento Municipal De Ensino Infantil;Professor Municipal;Efetivo;Ativo;R$ 4.217,28;202608010783;;;02/04/2025;
010740;Gabriela Ragazzi Borges Mariconi;Secretaria Municipal De Saude Publica;Fundo Municipal De Saude Publica;Nutricionista;Efetivo;Ativo;R$ 4.396,20;202608010740;;;04/09/2023;
010429;Gabrieli Damacena Ferreira;Secretaria Municipal De Educacao Publica;Departamento Municipal De Ensino Infantil;Auxiliar De Creche;Efetivo;Ativo;R$ 2.251,39;202608010429;;;27/07/2022;
025391;Gabriella Novelli Caieiro;Secretaria Municipal De Saude Publica;Fundo Municipal De Saude Publica;Enfermeiro Do Psf;Contrato Determinado;Ativo;R$ 2.915,69;202608025391;;;05/03/2024;
026204;Gabrielly Aparecida Manoel Santos;Secretaria Municipal De Educacao Publica;Depart. Municipal De Ensino Fundamental;Estagiario;Estagiário;Ativo;R$ 1.215,75;202608026204;;;09/02/2026;
010240;Gasparina Simone De Lima Martins Acacio;Secretaria Municipal De Saude Publica;Fundo Municipal De Saude Publica;Auxiliar De Servicos Gerais;Efetivo;Ativo;R$ 2.433,75;202608010240;;;09/08/2013;
010115;Geovana Martins Stochi;Secretaria Municipal De Educacao Publica;Depart. Municipal De Ensino Fundamental;Professor Municipal;Efetivo;Ativo;R$ 5.064,72;202608010115;;;01/04/2008;
026129;Geovanna Marques Rodrigues;Secretaria Municipal De Educacao Publica;Departamento Municipal De Ensino Infantil;Estagiario;Estagiário;Ativo;R$ 1.215,75;202608026129;;;02/02/2026;
026291;Geraldina Ferreira Santos;Secretaria Municipal De Financas Geral;Secretaria Municipal De Financas Geral;Pensionista;Pensionista;Ativo;R$ 1.080,67;202608026291;;;27/07/2025;
010485;Giani Avila Da Silva;Secretaria Municipal De Saude Publica;Fundo Municipal De Saude Publica;Auxiliar De Enfermagem;Efetivo;Ativo;R$ 2.833,38;202608010485;;;01/08/2022;
010111;Gilvana Donizete Avelino Henrique;Secretaria Municipal De Educacao Publica;Departamento Municipal De Ensino Infantil;Diretor Escolar;Efetivo;Ativo;R$ 7.991,67;202608010111;;;01/04/2008;
010746;Gilvania Do Carmo Martins Da Silva Timoteu;Secretaria Municipal De Educacao Publica;Departamento Municipal De Ensino Infantil;Auxiliar De Creche;Efetivo;Ativo;R$ 2.221,52;202608010746;;;21/06/2024;
026215;Gilvania Vargas Batista;Secretaria Municipal De Educacao Publica;Depart. Municipal De Ensino Fundamental;Estagiario;Estagiário;Ativo;R$ 1.215,75;202608026215;;;24/02/2026;
026156;Giovana Cacciari Paschoalini;Secretaria Municipal De Educacao Publica;Departamento Municipal De Ensino Infantil;Estagiario;Estagiário;Ativo;R$ 1.215,75;202608026156;;;02/02/2026;
010817;Gisele Aparecida Neves Nascimento;Secretaria Municipal De Saude Publica;Fundo Municipal De Saude Publica;Fisioterapeuta Ii;Efetivo;Ativo;R$ 3.738,17;202608010817;;;02/06/2026;
025431;Gisele Da Rocha Cerqueira Marques;Secretaria Municipal De Saude Publica;Fundo Municipal De Saude Publica;Auxiliar Administrativo;Contrato Determinado;Ativo;R$ 2.737,69;202608025431;;;23/02/2024;
010392;Gisele Francisca Ribeiro;Secretaria Municipal De Educacao Publica;Departamento Municipal De Ensino Infantil;Professor Municipal;Efetivo;Licença Maternidade;R$ 4.446,04;202608010392;;;27/07/2022;
003254;Gisele Freiria Vieira;Sec Mun De Planejamento Urbano E Meio Ambiente;Sec Mun De Planejamento Urbano E Meio Ambiente;Chefe Da Divisao De Meio Ambiente;Comissionado;Ativo;R$ 5.842,16;202608003254;;;22/05/2025;
010690;Gislei Aparecida Lanza;Secretaria Municipal De Educacao Publica;Depart. Municipal De Ensino Fundamental;Auxiliar De Servicos Gerais;Efetivo;Ativo;R$ 2.069,03;202608010690;;;23/03/2023;
010488;Gislene Marcolino;Secretaria Municipal De Saude Publica;Fundo Municipal De Saude Publica;Auxiliar De Enfermagem;Efetivo;Demitido;R$ 1.974,08;202608010488;;;01/08/2022;
025779;Goncalves Rosa De Aguiar;Secretaria Municipal De Obra E Servico Publico;Departamento Municipal De Servico Publico;Jardineiro;Contrato Determinado;Ativo;R$ 2.879,52;202608025779;;;06/03/2025;
010433;Graciele Michele Marangoni;Secretaria Municipal De Educacao Publica;Departamento Municipal De Ensino Infantil;Auxiliar De Creche;Efetivo;Ativo;R$ 2.251,39;202608010433;;;27/07/2022;
026104;Graziela Carolina De Oliveira Martins;Secretaria Municipal De Educacao Publica;Departamento Municipal De Ensino Infantil;Estagiario;Estagiário;Ativo;R$ 1.215,75;202608026104;;;02/02/2026;
010593;Graziele Da Cunha Longo;Secretaria Municipal De Educacao Publica;Depart. Municipal De Ensino Fundamental;Professor Educacao Fisica;Efetivo;Ativo;R$ 4.135,70;202608010593;;;25/10/2022;
023877;Graziele Tomitaka Martins;Secretaria Municipal De Educacao Publica;Depart. Municipal De Ensino Fundamental;Recepcionista;Contrato Determinado;Demitido;R$ 3.248,90;202608023877;;;03/02/2021;
021728;Grazieli Nunes Moreira;Secretaria Municipal De Saude Publica;Fundo Municipal De Saude Publica;Agente Comunitario De Saude;Contrato Indetermindo;Ativo;R$ 3.690,03;202608021728;;;01/06/2016;
023763;Gualterlito Braulino;Secretaria Municipal De Obra E Servico Publico;Departamento Municipal De Servico Publico;Guarda Patrimonial;Contrato Determinado;Ativo;R$ 3.252,35;202608023763;;;01/01/2021;
025531;Gualtiere De Oliveira Esteves;Secretaria Municipal De Saude Publica;Fundo Municipal De Saude Publica;Educador Fisico;Contrato Determinado;Ativo;R$ 3.121,25;202608025531;;;21/10/2024;
025884;Guilherme Castilho Fernandes;Secretaria Municipal De Obra E Servico Publico;Depart. Municipal De Obra E Serv. Publico;Medico Veterinario;Contrato Determinado;Funcionário De Férias;R$ 7.668,94;202608025884;;;14/07/2025;
025942;Guilherme Gomes Batista;Secretaria Municipal De Obra E Servico Publico;Departamento Municipal De Servico Publico;Oficial De Servico Coveiro;Contrato Determinado;Ativo;R$ 3.082,15;202608025942;;;07/10/2025;
010151;Guilherme Toni De Paula E Silva;Secretaria Municipal De Educacao Publica;Depart. Municipal De Ensino Fundamental;Professor Educacao Fisica;Efetivo;Ativo;R$ 4.951,57;202608010151;;;05/05/2008;
010402;Gustavo Correa Todon Sousa;Secretaria Municipal De Educacao Publica;Depart. Municipal De Ensino Fundamental;Professor Municipal;Efetivo;Ativo;R$ 5.407,85;202608010402;;;27/07/2022;
026241;Gustavo Mariano Amaro;Secretaria Municipal De Administracao Geral;Secretaria Municipal De Administracao Geral;Estagiario;Estagiário;Ativo;R$ 1.215,75;202608026241;;;09/03/2026;
024829;Haroldo Fernando Silva Ferracin;Secretaria Municipal De Saude Publica;Fundo Municipal De Saude Publica;Fisioterapeuta I;Contrato Determinado;Ativo;R$ 2.586,61;202608024829;;;06/12/2022;
000558;Helen Cristina Machado;Secretaria Municipal De Educacao Publica;Departamento Municipal De Ensino Infantil;Diretor Escolar;Efetivo;Ativo;R$ 9.114,65;202608000558;;;10/02/1992;
026092;Helena Paula Do Nascimento;Secretaria Municipal De Educacao Publica;Departamento Municipal De Ensino Infantil;Auxiliar De Creche;Contrato Determinado;Ativo;R$ 2.318,93;202608026092;;;30/01/2026;
010618;Henrique Martins De Oliveira;Secretaria Municipal De Educacao Publica;Departamento Municipal De Esporte Lazer Evento;Educador Fisico;Efetivo;Ativo;R$ 3.744,99;202608010618;;;01/11/2022;
025180;Hugo De Moraes Luz;Secretaria Municipal De Educacao Publica;Departamento Municipal De Educacao Publica;Analista De Administracao;Contrato Determinado;Ativo;R$ 3.787,22;202608025180;;;11/01/2024;
000576;Iael Conceicao Dos Santos Vieira;Secretaria Municipal De Educacao Publica;Depart. Municipal De Ensino Fundamental;Professor Municipal;Efetivo;Ativo;R$ 5.782,18;202608000576;;;15/02/1995;
010757;Iago Cesar Silva;Secretaria Municipal De Obra E Servico Publico;Departamento Municipal De Servico Publico;Auxiliar De Servicos Gerais;Efetivo;Ativo;R$ 2.378,30;202608010757;;;21/06/2024;
010108;Iara De Fatima Ferreira Oliveira;Secretaria Municipal De Educacao Publica;Departamento Municipal De Ensino Infantil;Professor Municipal;Efetivo;Ativo;R$ 5.064,72;202608010108;;;01/04/2008;
026285;Iasmim De Melo Fernandes;Secretaria Municipal De Educacao Publica;Departamento Municipal De Ensino Infantil;Professor Municipal;Contrato Determinado;Ativo;R$ 3.697,38;202608026285;;;26/05/2026;
000910;Idalina Francisca Madeira Vieira;Secretaria Municipal De Financas Geral;Secretaria Municipal De Financas Geral;Pensionista;Pensionista;Ativo;R$ 1.621,00;202608000910;;;13/04/2004;
010511;Igor Cattani Afonso;Secretaria Municipal De Educacao Publica;Depart. Municipal De Ensino Fundamental;Motorista;Efetivo;Ativo;R$ 3.357,72;202608010511;;;01/08/2022;
010385;Igor Jose Ferreira;Secretaria Municipal De Educacao Publica;Depart. Municipal De Ensino Fundamental;Professor Municipal;Efetivo;Ativo;R$ 4.420,05;202608010385;;;27/07/2022;
010403;Igor Ribeiro Abreu;Secretaria Municipal De Educacao Publica;Departamento Municipal De Ensino Infantil;Professor Educacao Fisica;Efetivo;Ativo;R$ 3.711,46;202608010403;;;27/07/2022;
010298;Ilza Aparecida Dos Santos Silva;Secretaria Municipal De Saude Publica;Fundo Municipal De Saude Publica;Auxiliar De Enfermagem;Efetivo;Ativo;R$ 2.833,38;202608010298;;;09/08/2013;
025988;Inae Cristina Dos Santos Braz;Secretaria Municipal De Educacao Publica;Departamento Municipal De Ensino Infantil;Professor Municipal;Contrato Determinado;Ativo;R$ 3.697,38;202608025988;;;26/01/2026;
025929;Ingrid Cristina Santos Oliveira;Secretaria Municipal De Administracao Geral;Secretaria Municipal De Administracao Geral;Auxiliar Administrativo;Contrato Determinado;Ativo;R$ 2.069,03;202608025929;;;01/09/2025;
026009;Ingrid Gabriele Da Silva;Secretaria Municipal De Educacao Publica;Depart. Municipal De Ensino Fundamental;Professor Municipal;Contrato Determinado;Ativo;R$ 3.697,38;202608026009;;;26/01/2026;
023765;Iriana De Faria Ribeiro Pereira;Secretaria Municipal De Saude Publica;Fundo Municipal De Saude Publica;Medico De Saude Da Familia;Contrato Determinado;Funcionário De Férias;R$ 20.991,35;202608023765;;;04/01/2021;
026136;Irineu Albano Rodrigues;Secretaria Municipal De Educacao Publica;Departamento Municipal De Ensino Infantil;Estagiario;Estagiário;Ativo;R$ 1.215,75;202608026136;;;02/02/2026;
026035;Irineu Melendre Afonso;Secretaria Municipal De Educacao Publica;Depart. Municipal De Ensino Fundamental;Motorista;Contrato Determinado;Ativo;R$ 3.171,30;202608026035;;;03/02/2026;
000599;Irma Da Silveira Dias;Secretaria Municipal De Financas Geral;Secretaria Municipal De Financas Geral;Inativo;Inativo;Ativo;R$ 2.865,71;202608000599;;;26/04/1991;
010599;Isabel Cristina Dos Santos;Secretaria Municipal De Educacao Publica;Depart. Municipal De Ensino Fundamental;Professor Municipal;Efetivo;Ativo;R$ 3.879,35;202608010599;;;25/10/2022;
010489;Isabel Ferreira Zamarco;Secretaria Municipal De Saude Publica;Fundo Municipal De Saude Publica;Auxiliar De Enfermagem;Efetivo;Ativo;R$ 2.450,90;202608010489;;;01/08/2022;
025538;Isabela Aparecida Rosa Freiria;Secretaria Municipal De Saude Publica;Fundo Municipal De Saude Publica;Auxiliar De Enfermagem;Contrato Determinado;Funcionário De Férias;R$ 2.422,11;202608025538;;;03/12/2024;
026150;Isabela Cristina Pezutto Estevam;Secretaria Municipal De Educacao Publica;Departamento Municipal De Ensino Infantil;Estagiario;Estagiário;Ativo;R$ 1.215,75;202608026150;;;02/02/2026;
010792;Isabela Fernandes;Secretaria Municipal De Educacao Publica;Departamento Municipal De Ensino Infantil;Auxiliar De Creche;Efetivo;Ativo;R$ 2.318,93;202608010792;;;06/06/2025;
010460;Isabelle Neto De Padua;Gabinete Municipal E Assessoria Governo;Gabinete Municipal E Assessoria Governo;Procurador Municipal Ii;Efetivo;Ativo;R$ 6.256,59;202608010460;;;01/08/2022;
026162;Isadora Ercia Marquesani De Oliveira;Secretaria Municipal De Educacao Publica;Depart. Municipal De Ensino Fundamental;Estagiario;Estagiário;Demitido;R$ 1.215,75;202608026162;;;09/02/2026;
010387;Isadora Rios Belmiro;Secretaria Municipal De Educacao Publica;Depart. Municipal De Ensino Fundamental;Professor Municipal;Efetivo;Ativo;R$ 3.931,34;202608010387;;;27/07/2022;
010452;Isadora Trevizani Neto;Secretaria Municipal De Educacao Publica;Depart. Municipal De Ensino Fundamental;Inspetor De Alunos;Efetivo;Ativo;R$ 2.190,60;202608010452;;;27/07/2022;
026288;Isadora Vital Da Silva Alvarenga;Secretaria Municipal De Saude Publica;Fundo Municipal De Saude Publica;Estagiario;Contrato Determinado;Demitido;R$ 1.398,12;202608026288;;;03/06/2026;
026308;Isadora Vital Da Silva Alvarenga;Secretaria Municipal De Saude Publica;Fundo Municipal De Saude Publica;Estagiario;Estagiário;Ativo;R$ 121,58;202608026308;;;28/08/2026;
000135;Itamar De Oliveira Marcal;Secretaria Municipal De Financas Geral;Secretaria Municipal De Financas Geral;Inativo;Inativo;Ativo;R$ 2.516,99;202608000135;;;26/04/1991;
025913;Iva Da Silva;Secretaria Municipal De Obra E Servico Publico;Departamento Municipal De Servico Publico;Auxiliar De Servicos Gerais;Contrato Determinado;Ativo;R$ 2.336,49;202608025913;;;25/08/2025;
023577;Ivair Ferreira De Castro;Secretaria Municipal De Obra E Servico Publico;Departamento Municipal De Servico Publico;Auxiliar De Servicos Gerais;Contrato Determinado;Ativo;R$ 3.061,89;202608023577;;;04/01/2021;
010728;Ivair Goncalves Perboni;Secretaria Municipal De Educacao Publica;Depart. Municipal De Ensino Fundamental;Motorista;Efetivo;Ativo;R$ 3.471,19;202608010728;;;08/08/2023;
010649;Ivone Dos Santos Amaro;Secretaria Municipal De Educacao Publica;Depart. Municipal De Ensino Fundamental;Auxiliar De Servicos Gerais;Efetivo;Ativo;R$ 2.195,11;202608010649;;;23/03/2023;
026152;Izabela Da Silva Vilaca;Secretaria Municipal De Educacao Publica;Departamento Municipal De Ensino Infantil;Estagiario;Estagiário;Demitido;R$ 364,73;202608026152;;;19/02/2026;
010617;Izabeli Cristina Autran;Secretaria Municipal De Saude Publica;Fundo Municipal De Saude Publica;Auxiliar De Farmacia;Efetivo;Ativo;R$ 2.460,77;202608010617;;;01/11/2022;
026157;Jade De Paula Dias;Secretaria Municipal De Educacao Publica;Departamento Municipal De Ensino Infantil;Estagiario;Estagiário;Ativo;R$ 1.215,75;202608026157;;;09/02/2026;
025163;Jaine Aparecida Arribard De Oliveira;Secretaria Municipal De Saude Publica;Fundo Municipal De Saude Publica;Agente Comunitario De Saude;Contrato Determinado;Ativo;R$ 3.942,19;202608025163;;;01/12/2023;
010761;Jaine Graziele De Oliveira;Secretaria Municipal De Saude Publica;Fundo Municipal De Saude Publica;Enfermeiro;Efetivo;Ativo;R$ 5.414,16;202608010761;;;21/06/2024;
010799;Janaina Alice Ferrarez;Secretaria Municipal De Educacao Publica;Depart. Municipal De Ensino Fundamental;Supervisor Pedagogico;Efetivo;Ativo;R$ 5.735,97;202608010799;;;27/08/2025;
010383;Janaina Angela Ricci Michueri;Secretaria Municipal De Educacao Publica;Depart. Municipal De Ensino Fundamental;Professor Municipal;Efetivo;Ativo;R$ 4.472,04;202608010383;;;27/07/2022;
025822;Janaina Aparecida Valadao;Secretaria Municipal De Saude Publica;Fundo Municipal De Saude Publica;Agente De Combate As Endemias;Contrato Determinado;Funcionário De Férias;R$ 4.857,15;202608025822;;;12/05/2025;
010705;Janaina Cristina Da Silva;Secretaria Municipal De Educacao Publica;Depart. Municipal De Ensino Fundamental;Auxiliar De Servicos Gerais;Efetivo;Licença Maternidade;R$ 2.609,36;202608010705;;;14/08/2023;
010426;Janaina De Fatima Tiburcio;Secretaria Municipal De Educacao Publica;Departamento Municipal De Ensino Infantil;Auxiliar De Creche;Efetivo;Ativo;R$ 2.251,39;202608010426;;;27/07/2022;
024721;Janaina Maria De Oliveira;Secretaria Municipal De Saude Publica;Fundo Municipal De Saude Publica;Agente Comunitario De Saude;Contrato Indetermindo;Funcionário De Férias;R$ 3.690,03;202608024721;;;01/06/2022;
010373;Janaina Mariana Silva Paulam;Secretaria Municipal De Educacao Publica;Depart. Municipal De Ensino Fundamental;Professor Municipal;Efetivo;Ativo;R$ 4.420,05;202608010373;;;27/07/2022;
026295;Janaina Marques Luz;Secretaria Municipal De Saude Publica;Fundo Municipal De Saude Publica;Agente Comunitario De Saude;Contrato Determinado;Ativo;R$ 3.690,03;202608026295;;;06/07/2026;
010338;Janaina Neves De Alcantara;Secretaria Municipal De Educacao Publica;Depart. Municipal De Ensino Fundamental;Professor Municipal;Efetivo;Ativo;R$ 4.846,36;202608010338;;;18/12/2014;
026023;Janaina Soares De Oliveira;Secretaria Municipal De Educacao Publica;Departamento Municipal De Ensino Infantil;Estagiario;Estagiário;Ativo;R$ 1.215,75;202608026023;;;02/02/2026;
010712;Janaina Teodoro Menezes;Secretaria Municipal De Educacao Publica;Depart. Municipal De Ensino Fundamental;Auxiliar De Servicos Gerais;Efetivo;Ativo;R$ 2.478,78;202608010712;;;14/08/2023;
010307;Janer Lucio Andreassi;Secretaria Municipal De Saude Publica;Fundo Municipal De Saude Publica;Agente De Combate As Endemias;Efetivo;Ativo;R$ 4.857,15;202608010307;;;09/08/2013;
010461;Jaqueline Aparecida Antonioli;Secretaria Municipal De Saude Publica;Fundo Municipal De Saude Publica;Aux. De Consultorio Dentario;Efetivo;Funcionário De Férias;R$ 2.393,23;202608010461;;;01/08/2022;
026283;Jaqueline Aparecida Dias Alexandre;Secretaria Municipal De Saude Publica;Fundo Municipal De Saude Publica;Auxiliar De Almoxarife;Contrato Determinado;Ativo;R$ 2.069,03;202608026283;;;11/05/2026;
010714;Jaqueline Aparecida Fernandes Dias;Secretaria Municipal De Educacao Publica;Departamento Municipal De Ensino Infantil;Auxiliar De Servicos Gerais;Efetivo;Ativo;R$ 2.618,36;202608010714;;;08/08/2023;
010672;Jaqueline Cortez Franco Vicente;Secretaria Municipal De Governo;Secretaria Municipal De Governo;Agente Administrativo;Efetivo;Ativo;R$ 3.005,72;202608010672;;;27/03/2023;
026069;Jaqueline Cristina Lopes;Secretaria Municipal De Educacao Publica;Departamento Municipal De Ensino Infantil;Professor Municipal;Contrato Determinado;Ativo;R$ 3.697,38;202608026069;;;29/01/2026;
026187;Jaqueline De Fatima Dias;Secretaria Municipal De Educacao Publica;Departamento Municipal De Ensino Infantil;Estagiario;Estagiário;Ativo;R$ 1.215,75;202608026187;;;09/02/2026;
010572;Jaqueline De Souza Torres;Secretaria Municipal De Educacao Publica;Depart. Municipal De Ensino Fundamental;Auxiliar De Servicos Gerais;Efetivo;Ativo;R$ 2.697,16;202608010572;;;25/10/2022;
010782;Jaqueline Maria Da Silva;Secretaria Municipal De Saude Publica;Fundo Municipal De Saude Publica;Agente Administrativo;Efetivo;Ativo;R$ 3.831,00;202608010782;;;02/04/2025;
010408;Jaqueline Naves Valadao;Secretaria Municipal De Educacao Publica;Depart. Municipal De Ensino Fundamental;Professor Educacao Fisica;Efetivo;Ativo;R$ 4.494,69;202608010408;;;27/07/2022;
023766;Jaqueline Reis De Morais;Secretaria Municipal De Saude Publica;Fundo Municipal De Saude Publica;Agente Administrativo;Contrato Determinado;Ativo;R$ 2.751,12;202608023766;;;04/01/2021;
010736;Jean Lucas Biaggio;Secretaria Municipal De Saude Publica;Fundo Municipal De Saude Publica;Motorista;Efetivo;Ativo;R$ 3.527,92;202608010736;;;08/08/2023;
026300;Jenifer Caroline Martins Duarte Bandeira;Secretaria Municipal De Saude Publica;Fundo Municipal De Saude Publica;Auxiliar De Enfermagem;Contrato Determinado;Ativo;R$ 2.729,04;202608026300;;;31/07/2026;
025808;Jerry Adriano Pereira;Secretaria Municipal De Educacao Publica;Depart. Municipal De Ensino Fundamental;Motorista;Contrato Determinado;Ativo;R$ 3.398,24;202608025808;;;22/04/2025;
026137;Jessica Aline Da Silva;Secretaria Municipal De Educacao Publica;Departamento Municipal De Ensino Infantil;Auxiliar De Servicos Gerais;Contrato Determinado;Ativo;R$ 2.069,03;202608026137;;;03/02/2026;
026189;Jessica Aparecida Da Silva;Secretaria Municipal De Educacao Publica;Departamento Municipal De Ensino Infantil;Estagiario;Estagiário;Ativo;R$ 1.215,75;202608026189;;;02/02/2026;
024072;Jessica Cortez Franco Vicente;Secretaria Municipal De Educacao Publica;Departamento Municipal De Cultura, Turismo E Desen;Auxiliar Administrativo;Contrato Determinado;Ativo;R$ 2.285,16;202608024072;;;19/02/2021;
010647;Jessica Dos Reis Barbosa;Secretaria Municipal De Assistencia Social;Fundo Municipal De Assistencia Social;Auxiliar De Servicos Gerais;Efetivo;Ativo;R$ 2.069,03;202608010647;;;23/03/2023;
024728;Jessica Januario Arantes;Secretaria Municipal De Saude Publica;Fundo Municipal De Saude Publica;Agente Comunitario De Saude;Contrato Indetermindo;Ativo;R$ 3.690,03;202608024728;;;01/06/2022;
026080;Jessica Perpetua Marques;Secretaria Municipal De Educacao Publica;Departamento Municipal De Ensino Infantil;Auxiliar De Servicos Gerais;Contrato Determinado;Ativo;R$ 2.360,13;202608026080;;;29/01/2026;
010342;Jessica Souza De Oliveira;Secretaria Municipal De Educacao Publica;Departamento Municipal De Ensino Infantil;Professor Municipal;Efetivo;Ativo;R$ 4.976,33;202608010342;;;25/02/2015;
010815;Joana Trega Gomes;Secretaria Municipal De Educacao Publica;Depart. Municipal De Ensino Fundamental;Professor Municipal;Efetivo;Ativo;R$ 3.554,96;202608010815;;;02/06/2026;
010762;Joao Antonio Da Silva;Secretaria Municipal De Saude Publica;Fundo Municipal De Saude Publica;Fisioterapeuta Ii;Efetivo;Ativo;R$ 5.383,24;202608010762;;;21/06/2024;
010072;Joao Augusto Madeira Vieira;Secretaria Municipal De Obra E Servico Publico;Departamento Municipal De Servico Publico;Oficial De Servico Pedreiro;Efetivo;Ativo;R$ 3.515,44;202608010072;;;01/04/2008;
026278;Joao Batista Augusto Da Silva;Secretaria Municipal De Educacao Publica;Depart. Municipal De Ensino Fundamental;Motorista;Contrato Determinado;Ativo;R$ 3.110,52;202608026278;;;04/05/2026;
023852;Joao Custodio Da Silva Neto;Secretaria Municipal De Saude Publica;Fundo Municipal De Saude Publica;Motorista;Contrato Determinado;Ativo;R$ 3.552,24;202608023852;;;01/01/2021;
010070;Joao Medeiros Junior;Secretaria Municipal De Obra E Servico Publico;Departamento Municipal De Servico Publico;Oficial De Servico Pedreiro;Efetivo;Funcionário De Férias;R$ 2.757,95;202608010070;;;01/04/2008;
010730;Joao Paulo Ferreira;Secretaria Municipal De Saude Publica;Fundo Municipal De Saude Publica;Motorista;Efetivo;Ativo;R$ 3.673,81;202608010730;;;08/08/2023;
010305;Joao Paulo Trevizani;Secretaria Municipal De Saude Publica;Fundo Municipal De Saude Publica;Agente De Combate As Endemias;Efetivo;Ativo;R$ 4.954,41;202608010305;;;09/08/2013;
026131;Joao Pedro Brito Do Nascimento;Secretaria Municipal De Obra E Servico Publico;Departamento Municipal De Servico Publico;Auxiliar De Servicos Gerais;Contrato Determinado;Demitido;R$ 2.458,06;202608026131;;;29/01/2026;
025851;Joao Pedro Carvalho Domingos;Secretaria Municipal De Administracao Geral;Secretaria Municipal De Administracao Geral;Auxiliar De Servicos Gerais;Contrato Determinado;Ativo;R$ 3.345,56;202608025851;;;01/06/2025;
010764;Joao Pinheiro Julio;Secretaria Municipal De Saude Publica;Fundo Municipal De Saude Publica;Motorista;Efetivo;Ativo;R$ 3.625,18;202608010764;;;21/06/2024;
010537;Joao Romeu Silva;Gabinete Municipal E Assessoria Governo;Gabinete Municipal E Assessoria Governo;Analista De Administracao;Efetivo;Funcionário De Férias;R$ 3.192,95;202608010537;;;01/08/2022;
025955;Joao Victor De Almeida Silva;Secretaria Municipal De Assistencia Social;Fundo Municipal De Assistencia Social;Educador Social;Contrato Determinado;Ativo;R$ 3.039,32;202608025955;;;28/10/2025;
010520;Joao Vitor De Lima Machado;Secretaria Municipal De Saude Publica;Fundo Municipal De Saude Publica;Recepcionista;Efetivo;Ativo;R$ 4.694,54;202608010520;;;01/08/2022;
010767;Joao Wilian Franco Arantes;Secretaria Municipal De Obra E Servico Publico;Departamento Municipal De Servico Publico;Motorista;Efetivo;Ativo;R$ 3.564,40;202608010767;;;21/06/2024;
023855;Joaquim Francisco Godoi;Secretaria Municipal De Educacao Publica;Departamento Municipal De Ensino Infantil;Guarda Patrimonial;Contrato Determinado;Ativo;R$ 2.603,95;202608023855;;;01/01/2021;
000075;Joaquim Luz Ernesto Coelho;Secretaria Municipal De Financas Geral;Secretaria Municipal De Financas Geral;Inativo;Inativo;Ativo;R$ 9.197,75;202608000075;;;01/02/1967;
003255;Joel Esteves Pereira Neto;Secretaria Municipal De Governo;Secretaria Municipal De Governo;Chefe Da Divisao De Convenios;Comissionado;Ativo;R$ 6.514,21;202608003255;;;22/05/2025;
024124;Joelma Cristina De Lima;Secretaria Municipal De Saude Publica;Fundo Municipal De Saude Publica;Agente Administrativo;Contrato Determinado;Ativo;R$ 2.597,57;202608024124;;;22/06/2021;
026229;Joelma De Fatima Diogenes Bento;Secretaria Municipal De Administracao Geral;Secretaria Municipal De Administracao Geral;Chefe Da Divisao De Planejamento, Contratacao E Ge;Contrato Determinado;Ativo;R$ 6.290,19;202608026229;;;01/03/2026;
023810;Joice Braga Ferreira;Secretaria Municipal De Saude Publica;Fundo Municipal De Saude Publica;Auxiliar De Enfermagem Do Psf;Contrato Determinado;Ativo;R$ 2.422,11;202608023810;;;21/01/2021;
025541;Jonas Aparecido Marcal;Secretaria Municipal De Obra E Servico Publico;Departamento Municipal De Servico Publico;Jardineiro;Contrato Determinado;Ativo;R$ 2.788,87;202608025541;;;15/01/2025;
010688;Jonathan Augusto Martins;Secretaria Municipal De Obra E Servico Publico;Departamento Municipal De Servico Publico;Guarda Patrimonial;Efetivo;Ativo;R$ 2.798,48;202608010688;;;28/03/2023;
023767;Jose Aparecido Moises;Secretaria Municipal De Saude Publica;Fundo Municipal De Saude Publica;Auxiliar De Enfermagem;Contrato Determinado;Ativo;R$ 2.422,11;202608023767;;;04/01/2021;
010655;Jose Carlos Caieiro;Secretaria Municipal De Saude Publica;Fundo Municipal De Saude Publica;Motorista;Efetivo;Ativo;R$ 3.527,92;202608010655;;;23/03/2023;
024086;Jose Carlos Da Silva;Secretaria Municipal De Obra E Servico Publico;Departamento Municipal De Servico Publico;Tratorista;Contrato Determinado;Ativo;R$ 2.717,43;202608024086;;;08/03/2021;
023669;Jose Francisco Silva;Secretaria Municipal De Saude Publica;Fundo Municipal De Saude Publica;Auxiliar De Farmacia;Contrato Determinado;Funcionário De Férias;R$ 2.636,38;202608023669;;;04/01/2021;
000939;Jose Guilherme Magalhaes;Secretaria Municipal De Financas Geral;Secretaria Municipal De Financas Geral;Pensionista;Pensionista;Ativo;R$ 2.388,04;202608000939;;;04/05/2024;
023582;Jose Julio Da Silva Filho;Secretaria Municipal De Obra E Servico Publico;Departamento Municipal De Servico Publico;Aux. De Obras E Saneamento;Contrato Determinado;Ativo;R$ 3.203,72;202608023582;;;04/01/2021;
025972;Jose Luis Dias;Secretaria Municipal De Educacao Publica;Departamento Municipal De Esporte Lazer Evento;Guarda Patrimonial;Contrato Determinado;Ativo;R$ 2.798,47;202608025972;;;01/01/2026;
025731;Jose Luis Paulino De Souza;Secretaria Municipal De Educacao Publica;Depart. Municipal De Ensino Fundamental;Auxiliar De Servicos Gerais;Contrato Determinado;Ativo;R$ 3.244,25;202608025731;;;20/01/2025;
026172;Jose Manoel Padua Cerqueira;Secretaria Municipal De Saude Publica;Fundo Municipal De Saude Publica;Medico Clinico Geral;Contrato Determinado;Ativo;R$ 19.920,06;202608026172;;;01/03/2026;
010090;Jose Maria Alves;Secretaria Municipal De Obra E Servico Publico;Departamento Municipal De Servico Publico;Guarda Patrimonial;Efetivo;Ativo;R$ 2.717,42;202608010090;;;07/04/2008;
023583;Jose Naves Valadao;Secretaria Municipal De Obra E Servico Publico;Departamento Municipal De Servico Publico;Jardineiro;Contrato Determinado;Ativo;R$ 2.393,23;202608023583;;;04/01/2021;
025961;Jose Paulo Pereira Lima;Sec Mun De Planejamento Urbano E Meio Ambiente;Sec Mun De Planejamento Urbano E Meio Ambiente;Secretario Mun De Planej Urbano E Meio Ambiente;Comissionado;Ativo;R$ 8.867,17;202608025961;;;27/11/2025;
025152;Jose Sanches Martins;Secretaria Municipal De Obra E Servico Publico;Departamento Municipal De Servico Publico;Auxiliar De Servicos Gerais;Contrato Determinado;Ativo;R$ 2.370,83;202608025152;;;09/10/2023;
010118;Josiane Aparecida Avelino;Secretaria Municipal De Educacao Publica;Departamento Municipal De Ensino Infantil;Professor Municipal;Efetivo;Ativo;R$ 5.033,52;202608010118;;;01/04/2008;
010591;Josiane Custodio Da Silva;Secretaria Municipal De Saude Publica;Fundo Municipal De Saude Publica;Motorista;Efetivo;Ativo;R$ 3.268,56;202608010591;;;25/10/2022;
025986;Josiane Da Silva Menezes;Secretaria Municipal De Educacao Publica;Departamento Municipal De Ensino Infantil;Professor Municipal;Contrato Determinado;Ativo;R$ 3.697,38;202608025986;;;26/01/2026;
010400;Josiane Neves Dos Santos;Secretaria Municipal De Educacao Publica;Depart. Municipal De Ensino Fundamental;Professor Municipal;Efetivo;Ativo;R$ 4.316,07;202608010400;;;27/07/2022;
010634;Josiele Silva De Oliveira;Secretaria Municipal De Saude Publica;Fundo Municipal De Saude Publica;Agente De Combate As Endemias;Efetivo;Ativo;R$ 4.857,15;202608010634;;;01/11/2022;
010481;Josimar Da Silva Cardoso;Secretaria Municipal De Assistencia Social;Fundo Municipal De Assistencia Social;Assistente Social;Efetivo;Ativo;R$ 5.646,45;202608010481;;;01/08/2022;
000097;Josina De Souza Campagnoli Araujo;Secretaria Municipal De Financas Geral;Secretaria Municipal De Financas Geral;Inativo;Inativo;Ativo;R$ 6.764,94;202608000097;;;05/07/1995;
010341;Jucelina Rogeria Pena Vasconcelos;Secretaria Municipal De Educacao Publica;Depart. Municipal De Ensino Fundamental;Professor Municipal;Efetivo;Ativo;R$ 4.534,42;202608010341;;;02/02/2015;
010355;Julia Cristina De Lima Fernandes;Secretaria Municipal De Educacao Publica;Departamento Municipal De Ensino Infantil;Coordenador Pedagogico;Efetivo;Ativo;R$ 6.395,16;202608010355;;;27/07/2022;
026275;Julia De Paula Dias;Secretaria Municipal De Educacao Publica;Departamento Municipal De Ensino Infantil;Estagiario;Estagiário;Ativo;R$ 1.215,75;202608026275;;;30/04/2026;
010632;Julia Dos Santos Antonio;Secretaria Municipal De Saude Publica;Fundo Municipal De Saude Publica;Enfermeiro;Efetivo;Ativo;R$ 5.767,18;202608010632;;;01/11/2022;
026282;Julia Gabrieli Campagnoli;Secretaria Municipal De Educacao Publica;Departamento Municipal De Ensino Infantil;Estagiario;Estagiário;Ativo;R$ 1.215,75;202608026282;;;13/05/2026;
025982;Julia Lisandra Bento Salomao Jorge;Secretaria Municipal De Educacao Publica;Depart. Municipal De Ensino Fundamental;Professor Municipal;Contrato Determinado;Ativo;R$ 4.399,24;202608025982;;;26/01/2026;
010612;Julia Maria De Paula;Secretaria Municipal De Saude Publica;Fundo Municipal De Saude Publica;Enfermeiro;Efetivo;Ativo;R$ 5.445,01;202608010612;;;25/10/2022;
026185;Julia Paula Vieira Martins;Secretaria Municipal De Educacao Publica;Depart. Municipal De Ensino Fundamental;Estagiario;Estagiário;Ativo;R$ 1.013,13;202608026185;;;09/02/2026;
010754;Juliana Aparecida Carneiro Ferreira;Secretaria Municipal De Saude Publica;Fundo Municipal De Saude Publica;Chefe Da Divisao De Controle, Aval E Regulacao;Efetivo;Ativo;R$ 5.842,16;202608010754;;;21/06/2024;
010583;Juliana Aparecida Menezes Gomes;Secretaria Municipal De Educacao Publica;Departamento Municipal De Ensino Infantil;Guarda Patrimonial;Efetivo;Ativo;R$ 2.379,71;202608010583;;;25/10/2022;
010610;Juliana Aparecida Moreira;Secretaria Municipal De Educacao Publica;Depart. Municipal De Ensino Fundamental;Auxiliar De Servicos Gerais;Efetivo;Ativo;R$ 2.393,23;202608010610;;;26/10/2022;
010365;Juliana Da Silva Alves;Secretaria Municipal De Educacao Publica;Departamento Municipal De Ensino Infantil;Professor Municipal;Efetivo;Ativo;R$ 4.004,13;202608010365;;;27/07/2022;
010120;Juliana Donizete Da Silva Oliveira;Secretaria Municipal De Educacao Publica;Depart. Municipal De Ensino Fundamental;Professor Municipal;Efetivo;Ativo;R$ 5.220,69;202608010120;;;01/04/2008;
026078;Juliana Dos Reis Pereira;Secretaria Municipal De Educacao Publica;Depart. Municipal De Ensino Fundamental;Auxiliar De Servicos Gerais;Contrato Determinado;Ativo;R$ 2.204,11;202608026078;;;29/01/2026;
010678;Juliana Moura Da Silva;Secretaria Municipal De Educacao Publica;Depart. Municipal De Ensino Fundamental;Auxiliar De Servicos Gerais;Efetivo;Ativo;R$ 2.514,80;202608010678;;;28/03/2023;
010734;Juliano Alves;Secretaria Municipal De Saude Publica;Fundo Municipal De Saude Publica;Motorista;Efetivo;Ativo;R$ 3.122,67;202608010734;;;14/08/2023;
010732;Juliano Aparecido De Souza Menezes;Secretaria Municipal De Educacao Publica;Depart. Municipal De Ensino Fundamental;Motorista;Efetivo;Ativo;R$ 3.179,41;202608010732;;;08/08/2023;
023585;Julio Cesar Braga;Secretaria Municipal De Obra E Servico Publico;Departamento Municipal De Servico Publico;Lavador De Veiculos;Contrato Determinado;Ativo;R$ 2.757,95;202608023585;;;04/01/2021;
026264;Julio Cesar Ramos Terra;Secretaria Municipal De Financas Geral;Secretaria Municipal De Financas Geral;Estagiario;Contrato Determinado;Demitido;R$ 1.215,75;202608026264;;;14/04/2026;
026191;Jussara Daiane De Oliveira Mazzaro;Secretaria Municipal De Educacao Publica;Departamento Municipal De Ensino Infantil;Estagiario;Estagiário;Ativo;R$ 1.215,75;202608026191;;;02/02/2026;
010319;Juvelina Navarro Dias Alexandre;Secretaria Municipal De Educacao Publica;Depart. Municipal De Ensino Fundamental;Auxiliar De Servicos Gerais;Efetivo;Licença Para Tratamento De Saúde;R$ 2.393,23;202608010319;;;01/10/2013;
010645;Karina Fernanda Sipriano De Almeida;Secretaria Municipal De Educacao Publica;Departamento Municipal De Ensino Infantil;Auxiliar De Secretaria Escolar;Efetivo;Ativo;R$ 2.386,47;202608010645;;;23/03/2023;
010456;Karla Mariana Marangoni De Rezende;Secretaria Municipal De Educacao Publica;Departamento Municipal De Ensino Infantil;Inspetor De Alunos;Efetivo;Ativo;R$ 2.638,62;202608010456;;;27/07/2022;
026195;Karolaine Regina Custodio Dos Santos;Secretaria Municipal De Educacao Publica;Depart. Municipal De Ensino Fundamental;Estagiario;Estagiário;Ativo;R$ 1.215,75;202608026195;;;03/02/2026;
026289;Karoline Tagliari Venturini;Secretaria Municipal De Educacao Publica;Depart. Municipal De Ensino Fundamental;Profissional De Apoio Escolar;Contrato Determinado;Ativo;R$ 3.189,81;202608026289;;;11/06/2026;
010434;Katia Silva;Secretaria Municipal De Educacao Publica;Departamento Municipal De Ensino Infantil;Auxiliar De Creche;Efetivo;Ativo;R$ 2.318,93;202608010434;;;27/07/2022;
025122;Kaue Terra Pereira Reis Trindade;Secretaria Municipal De Saude Publica;Fundo Municipal De Saude Publica;Agente Comunitario De Saude;Contrato Determinado;Ativo;R$ 4.208,75;202608025122;;;20/07/2023;
023675;Kelen Cristina Dias;Secretaria Municipal De Saude Publica;Fundo Municipal De Saude Publica;Fisioterapeuta Ii;Contrato Determinado;Ativo;R$ 3.738,17;202608023675;;;04/01/2021;
010220;Keli Cristina Coradini;Secretaria Municipal De Educacao Publica;Departamento Municipal De Ensino Infantil;Auxiliar De Servicos Gerais;Efetivo;Ativo;R$ 2.079,63;202608010220;;;01/07/2009;
010666;Kelly Aparecida Franco Gurgel;Secretaria Municipal De Educacao Publica;Depart. Municipal De Ensino Fundamental;Auxiliar De Servicos Gerais;Efetivo;Ativo;R$ 2.249,14;202608010666;;;23/03/2023;
026071;Kelly Cristina De Castro Angelo Da Costa;Secretaria Municipal De Educacao Publica;Depart. Municipal De Ensino Fundamental;Professor Municipal;Contrato Determinado;Ativo;R$ 4.464,23;202608026071;;;04/02/2026;
010576;Kely Cristina Da Silva Borges Soares;Secretaria Municipal De Educacao Publica;Depart. Municipal De Ensino Fundamental;Auxiliar De Servicos Gerais;Efetivo;Ativo;R$ 2.136,57;202608010576;;;25/10/2022;
026233;Kettyline Joyce Genari Goncalves;Secretaria Municipal De Educacao Publica;Departamento Municipal De Ensino Infantil;Auxiliar De Creche;Contrato Determinado;Ativo;R$ 2.371,54;202608026233;;;02/03/2026;
010698;Klayton Bueno Prince;Secretaria Municipal De Administracao Geral;Secretaria Municipal De Administracao Geral;Analista De Sistemas;Efetivo;Ativo;R$ 3.738,17;202608010698;;;14/08/2023;
010685;Kleiton Kalvan;Secretaria Municipal De Obra E Servico Publico;Departamento Municipal De Servico Publico;Guarda Patrimonial;Efetivo;Ativo;R$ 2.429,48;202608010685;;;29/03/2023;
025613;Laercio Dias Da Costa;Secretaria Municipal De Educacao Publica;Depart. Municipal De Ensino Fundamental;Motorista;Contrato Determinado;Ativo;R$ 3.086,20;202608025613;;;31/01/2025;
010808;Lair Antonio Dias De Alcantara;Secretaria Municipal De Educacao Publica;Depart. Municipal De Ensino Fundamental;Inspetor De Alunos;Efetivo;Ativo;R$ 2.372,96;202608010808;;;23/03/2026;
010357;Lais Aparecida De Aguiar;Secretaria Municipal De Educacao Publica;Departamento Municipal De Ensino Infantil;Professor Municipal;Efetivo;Ativo;R$ 4.446,04;202608010357;;;27/07/2022;
026221;Lais Aparecida Lourenco;Secretaria Municipal De Educacao Publica;Departamento Municipal De Ensino Infantil;Inspetor De Alunos;Contrato Determinado;Ativo;R$ 2.460,76;202608026221;;;03/02/2026;
010606;Lais Roque Silva De Alcantara;Secretaria Municipal De Educacao Publica;Depart. Municipal De Ensino Fundamental;Auxiliar De Secretaria Escolar;Efetivo;Ativo;R$ 2.251,39;202608010606;;;26/10/2022;
026196;Lara Maria Sidnei Liras;Secretaria Municipal De Educacao Publica;Departamento Municipal De Ensino Infantil;Auxiliar De Creche;Contrato Determinado;Ativo;R$ 2.251,39;202608026196;;;30/01/2026;
010362;Larissa Aparecida De Souza;Secretaria Municipal De Educacao Publica;Departamento Municipal De Ensino Infantil;Professor Municipal;Efetivo;Ativo;R$ 4.602,01;202608010362;;;27/07/2022;
026024;Larissa Aparecida Passos;Secretaria Municipal De Educacao Publica;Departamento Municipal De Ensino Infantil;Estagiario;Estagiário;Ativo;R$ 1.215,75;202608026024;;;02/02/2026;
026087;Larissa Da Silva Perboni;Secretaria Municipal De Educacao Publica;Departamento Municipal De Ensino Infantil;Auxiliar De Creche;Contrato Determinado;Ativo;R$ 2.251,39;202608026087;;;30/01/2026;
026272;Larissa Tome De Assis Silva;Secretaria Municipal De Educacao Publica;Depart. Municipal De Ensino Fundamental;Profissional De Apoio Escolar;Contrato Determinado;Ativo;R$ 3.189,81;202608026272;;;22/04/2026;
023627;Laudemar Sebastiao De Sales;Secretaria Municipal De Saude Publica;Fundo Municipal De Saude Publica;Motorista;Contrato Determinado;Ativo;R$ 3.592,76;202608023627;;;01/01/2021;
010721;Laura Longo De Oliveira;Secretaria Municipal De Saude Publica;Fundo Municipal De Saude Publica;Fisioterapeuta Ii;Efetivo;Ativo;R$ 4.231,69;202608010721;;;08/08/2023;
026165;Laura Rodrigues Da Silva Neta;Secretaria Municipal De Educacao Publica;Departamento Municipal De Ensino Infantil;Estagiario;Estagiário;Ativo;R$ 1.215,75;202608026165;;;10/02/2026;
010127;Laurita Emidio;Secretaria Municipal De Educacao Publica;Departamento Municipal De Ensino Infantil;Coordenador Pedagogico;Efetivo;Ativo;R$ 7.143,81;202608010127;;;01/04/2008;
026130;Leandro Aparecido Da Silva;Secretaria Municipal De Educacao Publica;Departamento Municipal De Ensino Infantil;Estagiario;Estagiário;Ativo;R$ 1.215,75;202608026130;;;02/02/2026;
010407;Leandro Athenesi Fernandes;Secretaria Municipal De Educacao Publica;Depart. Municipal De Ensino Fundamental;Professor Educacao Fisica;Efetivo;Ativo;R$ 4.037,80;202608010407;;;27/07/2022;
010265;Leandro Carlos Do Nascimento;Secretaria Municipal De Saude Publica;Fundo Municipal De Saude Publica;Supervisor De Endemias;Efetivo;Ativo;R$ 6.316,81;202608010265;;;09/08/2013;
025627;Leandro Dos Reis Silva;Secretaria Municipal De Educacao Publica;Depart. Municipal De Ensino Fundamental;Motorista;Contrato Determinado;Ativo;R$ 3.074,04;202608025627;;;03/02/2025;
026095;Leia Maria Da Silva Souza;Secretaria Municipal De Educacao Publica;Depart. Municipal De Ensino Fundamental;Auxiliar De Creche;Contrato Determinado;Ativo;R$ 2.318,93;202608026095;;;02/02/2026;
025951;Leonardo Aparecido Da Silva;Secretaria Municipal De Assistencia Social;Fundo Municipal De Assistencia Social;Chefe Da Divisao De Programas Sociais;Comissionado;Ativo;R$ 5.842,16;202608025951;;;01/10/2025;
010675;Leonardo Avelino Da Silva;Secretaria Municipal De Obra E Servico Publico;Departamento Municipal De Servico Publico;Of. De Serv. Coletor De Lixo;Efetivo;Funcionário De Férias;R$ 3.422,56;202608010675;;;27/03/2023;
010964;Leonardo Gabriel Avelino;Secretaria Municipal De Obra E Servico Publico;Departamento Municipal De Servico Publico;Guarda Patrimonial;Efetivo;Ativo;R$ 2.069,03;202608010964;;;01/06/2023;
010446;Leonardo Henrique Pereira Leoderio;Secretaria Municipal De Educacao Publica;Depart. Municipal De Ensino Fundamental;Inspetor De Alunos;Efetivo;Ativo;R$ 2.069,03;202608010446;;;27/07/2022;
000927;Leonides Senhorinha De Amorim Ventura;Secretaria Municipal De Financas Geral;Secretaria Municipal De Financas Geral;Pensionista;Pensionista;Ativo;R$ 2.263,32;202608000927;;;24/02/2016;
026085;Leonilda Aparecida Colombaroli Carvalho;Secretaria Municipal De Educacao Publica;Depart. Municipal De Ensino Fundamental;Profissional De Apoio Escolar;Contrato Determinado;Ativo;R$ 3.189,81;202608026085;;;02/02/2026;
024700;Leticia Aparecida Pereira;Secretaria Municipal De Saude Publica;Fundo Municipal De Saude Publica;Agente Comunitario De Saude;Contrato Determinado;Ativo;R$ 3.690,03;202608024700;;;09/05/2022;
010297;Leticia Aparecida Vieira;Secretaria Municipal De Saude Publica;Fundo Municipal De Saude Publica;Auxiliar De Enfermagem;Efetivo;Funcionário De Férias;R$ 3.409,14;202608010297;;;09/08/2013;
024752;Leticia Damacena Silveira Da Silva;Secretaria Municipal De Saude Publica;Fundo Municipal De Saude Publica;Agente Comunitario De Saude;Contrato Indetermindo;Licença Maternidade;R$ 3.690,03;202608024752;;;01/06/2022;
026047;Leticia Dos Reis Silva;Secretaria Municipal De Educacao Publica;Depart. Municipal De Ensino Fundamental;Profissional De Apoio Escolar;Contrato Determinado;Ativo;R$ 3.189,81;202608026047;;;02/02/2026;
026124;Leticia Gabriela Ferreira Biaggio;Secretaria Municipal De Educacao Publica;Departamento Municipal De Ensino Infantil;Estagiario;Estagiário;Ativo;R$ 1.215,75;202608026124;;;02/02/2026;
025441;Leticia Karen Antoniolli Sant Anna;Secretaria Municipal De Saude Publica;Fundo Municipal De Saude Publica;Farmaceutico Bioquimico I;Contrato Determinado;Ativo;R$ 2.751,12;202608025441;;;01/04/2024;
010658;Leticia Martins Dias;Secretaria Municipal De Educacao Publica;Departamento Municipal De Ensino Infantil;Professor Municipal;Efetivo;Ativo;R$ 4.035,32;202608010658;;;23/03/2023;
026106;Leticia Vitoriano Da Silva;Secretaria Municipal De Educacao Publica;Depart. Municipal De Ensino Fundamental;Estagiario;Estagiário;Ativo;R$ 1.215,75;202608026106;;;03/02/2026;
026102;Lidiane Cristina Da Silva Santos;Secretaria Municipal De Educacao Publica;Departamento Municipal De Ensino Infantil;Estagiario;Estagiário;Ativo;R$ 1.215,75;202608026102;;;02/02/2026;
026293;Lidivanda Gabriela Teixeira;Secretaria Municipal De Saude Publica;Fundo Municipal De Saude Publica;Auxiliar De Enfermagem;Contrato Determinado;Ativo;R$ 3.232,30;202608026293;;;16/06/2026;
026022;Lilian Aparecida Da Silva;Secretaria Municipal De Educacao Publica;Departamento Municipal De Ensino Infantil;Auxiliar De Creche;Contrato Determinado;Ativo;R$ 2.631,49;202608026022;;;09/02/2026;
010323;Lilian Bitencourt Alves Barbosa;Secretaria Municipal De Saude Publica;Fundo Municipal De Saude Publica;Enfermeiro;Efetivo;Funcionário De Férias;R$ 7.028,42;202608010323;;;03/02/2014;
010384;Lilian Cristina Rodrigues;Secretaria Municipal De Educacao Publica;Depart. Municipal De Ensino Fundamental;Professor Municipal;Efetivo;Ativo;R$ 5.251,88;202608010384;;;27/07/2022;
010352;Limirio Abrao De Mello;Gabinete Municipal E Assessoria Governo;Gabinete Municipal E Assessoria Governo;Procurador Geral Do Municipio;Efetivo;Ativo;R$ 7.616,59;202608010352;;;01/06/2015;
010139;Lindomar Ferreira;Secretaria Municipal De Obra E Servico Publico;Departamento Municipal De Servico Publico;Jardineiro;Efetivo;Ativo;R$ 2.393,23;202608010139;;;01/04/2008;
026184;Lisamara Donizeti Estevam;Secretaria Municipal De Educacao Publica;Departamento Municipal De Ensino Infantil;Estagiario;Estagiário;Ativo;R$ 1.215,75;202608026184;;;02/02/2026;
